lemma	pos	frequency	source	class	subclass
devam etmek	VERB	4806	meb|saha|tubitak|video|literature	Other	other
yardım etmek	VERB	4056	meb|saha|tubitak|video|literature	Personality, Values & Behavior	helpfulness
yer almak	VERB	3117	meb|saha|tubitak|video|literature	Other	other
teşekkür etmek	VERB	2940	meb|saha|tubitak|video|literature	Other	other
dikkat etmek	VERB	2586	meb|saha|tubitak|video|literature	Other	other
hareket etmek	VERB	2448	meb|saha|tubitak|video|literature	Other	other
takip etmek	VERB	2122	meb|saha|tubitak|video|literature	Other	other
karar vermek	VERB	2104	meb|saha|tubitak|video|literature	Other	other
el etmek	VERB	1994	meb|saha|tubitak|video|literature	Other	other
bir süre	NOUN	1935	meb|saha|tubitak|video|literature	Time, Numbers & Measurement	time
bir daha	NOUN	1928	meb|saha|tubitak|video|literature	Other	other
oyun oynamak	VERB	1907	meb|saha|tubitak|video|literature	Other	other
şu an	NOUN	1874	meb|saha|tubitak|video|literature	Time, Numbers & Measurement	time
tahmin etmek	VERB	1741	meb|tubitak|video|literature	Emotions & Mental Processes	intelligence and reasoning
geri dönmek	VERB	1686	meb|saha|tubitak|video|literature	Other	other
ad vermek	VERB	1669	meb|saha|tubitak|video|literature	Other	other
bu yüzden	NOUN	1666	meb|saha|tubitak|video|literature	Education & Language	grammar
kabul etmek	VERB	1593	meb|saha|tubitak|video|literature	Other	other
hoş geldin / hoş geldiniz	NA	1528	meb|tubitak|video|literature	Sound & Communication Phenomena	sounds
kontrol etmek	VERB	1523	meb|saha|tubitak|video|literature	Other	other
özür dilemek	VERB	1458	meb|saha|tubitak|video|literature	Personality, Values & Behavior	forgiveness
bir yandan	NOUN	1445	saha|meb|video|tubitak|literature	Education & Language	grammar
belki de	NOUN	1443	meb|saha|tubitak|video|literature	Other	other
cevap vermek	VERB	1351	meb|saha|tubitak|video|literature	Other	other
neden olmak	VERB	1346	meb|saha|tubitak|video|literature	Other	other
işe yaramak	VERB	1329	meb|saha|tubitak|video|literature	Other	other
bu aralar	NOUN	1320	saha|meb|video|tubitak|literature	Time, Numbers & Measurement	time
yardımcı olmak	VERB	1319	meb|saha|tubitak|video|literature	Personality, Values & Behavior	helpfulness
her gün	NOUN	1304	meb|saha|tubitak|video|literature	Time, Numbers & Measurement	time
ortaya çıkmak	VERB	1288	meb|saha|tubitak|video|literature	Other	other
sahip olmak	VERB	1257	meb|saha|tubitak|video|literature	Other	other
izin vermek	VERB	1210	meb|saha|tubitak|video|literature	Other	other
yola çıkmak	VERB	1206	meb|saha|tubitak|video|literature	Transportation, Travel & Safety	travel
ses çıkarmak	VERB	1202	saha|meb|video|tubitak|literature	Sound & Communication Phenomena	sounds
uygun olmak	VERB	1150	meb|saha|tubitak|video|literature	Other	other
sakin olmak	VERB	1139	meb|saha|tubitak|video|literature	Personality, Values & Behavior	self discipline
bir sürü	NOUN	1135	meb|saha|tubitak|video|literature	Time, Numbers & Measurement	numbers
zarar vermek	VERB	1072	meb|saha|tubitak|video|literature	Violence & Conflict	violence
bir yana	NOUN	1060	meb|saha|tubitak|video|literature	Other	other
bu sefer	NOUN	1059	meb|saha|tubitak|video|literature	Time, Numbers & Measurement	time
bu arada	NOUN	950	meb|saha|tubitak|video|literature	Education & Language	grammar
anlamına gelmek	VERB	916	meb|saha|tubitak|video|literature	Other	other
mutlu olmak	VERB	900	meb|saha|tubitak|video|literature	Emotions & Mental Processes	emotions
işlem yapmak	VERB	889	saha|meb|video|tubitak|literature	Other	other
gözlem yapmak	VERB	886	tubitak|meb|video|literature	Other	other
dışarı çıkmak	VERB	876	meb|saha|tubitak|video|literature	Other	other
şarkı söylemek	VERB	860	meb|saha|tubitak|video|literature	Arts, Media & Entertainment	music
içeri girmek	VERB	857	meb|saha|tubitak|video|literature	Other	other
dikkat çekmek	VERB	838	meb|saha|tubitak|video|literature	Other	other
ihtiyacı olmak	VERB	838	meb|saha|tubitak|video|literature	Other	other
ifade etmek	VERB	837	meb|saha|tubitak|video|literature	Other	other
fark olunmak	VERB	836	meb|saha|tubitak|video|literature	Other	other
bir bakıma	NOUN	826	meb|saha|tubitak|video|literature	Other	other
acele etmek	VERB	817	meb|tubitak|video|literature	Other	other
haber vermek	VERB	817	meb|tubitak|video|literature	Other	other
kapı açmak	VERB	809	meb|saha|tubitak|video|literature	Other	other
doğal sayı	NOUN	801	meb|tubitak|literature	Time, Numbers & Measurement	numbers
geç kalmak	VERB	790	meb|saha|tubitak|video|literature	Time, Numbers & Measurement	time
aynı zamanda	NOUN	761	meb|saha|tubitak|video|literature	Other	other
hoşuna gitmek	VERB	724	saha|meb|video|tubitak|literature	Education & Language	idioms
tercih etmek	VERB	712	meb|saha|tubitak|video|literature	Other	other
soru sormak	VERB	708	meb|saha|tubitak|video|literature	Other	other
söz vermek	VERB	708	meb|saha|tubitak|video|literature	People & Relationships	responsibilities
resim yapmak	VERB	683	meb|saha|tubitak|video|literature	Arts, Media & Entertainment	handicrafts
ait olmak	VERB	671	meb|saha|tubitak|video|literature	Other	other
ele geçirmek	VERB	664	meb|tubitak|video|literature	Other	other
bağlı olmak	VERB	658	tubitak|meb|video|literature	Personality, Values & Behavior	loyalty
yemek yemek	VERB	658	meb|saha|tubitak|video|literature	Food & Nutrition	dishes
akla gelmek	VERB	652	meb|saha|tubitak|video|literature	Emotions & Mental Processes	intelligence and reasoning
zorda kalmak	VERB	647	meb|saha|tubitak|video|literature	Other	other
hoşça kal	NA	639	tubitak|meb|video|literature	Sound & Communication Phenomena	sounds
kusura bakmamak	VERB	634	tubitak|video|literature	Personality, Values & Behavior	forgiveness
iş yapmak	VERB	632	meb|saha|tubitak|video|literature	Other	other
yol bulmak	VERB	630	meb|saha|tubitak|video|literature	Other	other
bir an önce	NOUN	616	meb|saha|tubitak|video|literature	Time, Numbers & Measurement	time
el almak	VERB	612	meb|saha|tubitak|video|literature	Education & Language	idioms
nefes almak	VERB	608	meb|saha|tubitak|video|literature	Other	other
hoşça kal	VERB	597	meb|tubitak|video|literature	Other	other
plan yapmak	VERB	582	meb|saha|tubitak|video|literature	Other	other
ziyaret etmek	VERB	581	meb|saha|tubitak|video|literature	Other	other
deney yapmak	VERB	566	saha|meb|video|tubitak|literature	Science & Technology	experiments
ses çıkarmamak	VERB	556	meb|saha|tubitak|video|literature	Other	other
yok olmak	VERB	554	meb|saha|tubitak|video|literature	Other	other
fotoğraf çekmek	VERB	547	meb|saha|tubitak|video|literature	Other	other
araç gereç	NOUN	542	meb|saha|tubitak|video|literature	Objects, Tools & Physical Things	tools
bilgi vermek	VERB	541	saha|meb|video|tubitak|literature	Other	other
rahat etmek	VERB	540	meb|saha|tubitak|video|literature	Emotions & Mental Processes	emotions
yerine getirmek	VERB	539	meb|saha|tubitak|video|literature	People & Relationships	responsibilities
arkadaş olmak	VERB	538	meb|saha|tubitak|video|literature	People & Relationships	friendship
yer vermek	VERB	537	meb|saha|tubitak|video|literature	Education & Language	idioms
yerinde olmak	VERB	534	meb|saha|tubitak|video|literature	Other	other
hoşa gitmek	VERB	530	meb|saha|tubitak|video|literature	Emotions & Mental Processes	emotions
spor yapmak	VERB	530	saha|meb|video|tubitak|literature	Sports, Games & Recreation	sports
yol açmak	VERB	526	meb|saha|tubitak|video|literature	Other	other
başka biri	NOUN	519	meb|saha|tubitak|video|literature	Other	other
ele gelmek	VERB	515	meb|saha|tubitak|video|literature	Other	other
rica etmek	VERB	513	meb|saha|tubitak|video|literature	Other	other
yağmur yağmak	VERB	513	meb|saha|tubitak|video|literature	Earth, Geography & Natural Phenomena	meteorology
içi almamak	VERB	512	meb|saha|tubitak|video|literature	Education & Language	idioms
tamir etmek	VERB	511	meb|saha|tubitak|video|literature	Other	other
emin olmak	VERB	509	meb|tubitak|video|literature	Other	other
az sonra	NOUN	508	meb|tubitak|video|literature	Time, Numbers & Measurement	time
hazır olmak	VERB	494	meb|tubitak|video|literature	Other	other
vay canına	NOUN	492	meb|tubitak|video|literature	Other	other
hayal etmek	VERB	481	meb|saha|tubitak|video|literature	Other	other
şaka yapmak	VERB	476	meb|saha|tubitak|video|literature	Personality, Values & Behavior	behavior
karşı çıkmak	VERB	474	meb|saha|tubitak|video|literature	Education & Language	idioms
dua etmek	VERB	473	meb|saha|tubitak|video|literature	History, Politics & Religion	religion
yok etmek	VERB	473	meb|saha|tubitak|video|literature	Other	other
inşa etmek	VERB	470	meb|saha|tubitak|video|literature	Other	other
sohbet etmek	VERB	470	meb|saha|tubitak|video|literature	People & Relationships	friendship
davet etmek	VERB	463	meb|tubitak|video|literature	Other	other
tekrar etmek	VERB	463	meb|saha|tubitak|video|literature	Other	other
belli olmak	VERB	452	meb|saha|tubitak|video|literature	Other	other
yer bulmak	VERB	448	meb|saha|tubitak|video|literature	Other	other
engel olmak	VERB	446	meb|saha|tubitak|video|literature	Transportation, Travel & Safety	safety rules
kendine gelmek	VERB	442	meb|tubitak|video|literature	Education & Language	idioms
yol almak	VERB	442	meb|tubitak|video|literature	Other	other
tebrik etmek	VERB	441	meb|saha|tubitak|video|literature	Other	other
bir yanda	NOUN	432	meb|saha|tubitak|video|literature	Other	other
sebep olmak	VERB	430	meb|saha|tubitak|video|literature	Other	other
ilgi çekmek	VERB	426	meb|saha|tubitak|video|literature	Education & Language	idioms
başına gelmek	VERB	412	meb|saha|tubitak|video|literature	Education & Language	idioms
göç etmek	VERB	412	meb|saha|tubitak|video|literature	History, Politics & Religion	migration
ihtiyaç duymak	VERB	411	meb|saha|tubitak|video|literature	Other	other
satın almak	VERB	410	meb|saha|tubitak|video|literature	Personal Care & Consumer Life	shopping
yerine gelmek	VERB	409	meb|saha|tubitak|video|literature	People & Relationships	responsibilities
adım atmak	VERB	403	meb|saha|tubitak|video|literature	Other	other
bir araya gelmek	VERB	400	meb|saha|tubitak|video|literature	Other	other
icat etmek	VERB	390	meb|saha|tubitak|video|literature	Other	other
var olmak	VERB	390	meb|saha|tubitak|video|literature	Other	other
ayağa kalkmak	VERB	387	meb|saha|tubitak|video|literature	Other	other
ne haber?	NA	383	video|literature	Other	other
yol gitmek	VERB	383	meb|saha|tubitak|video|literature	Other	other
işi olmak	VERB	381	meb|saha|tubitak|video|literature	Other	other
acil durum	NOUN	379	saha|meb|video|tubitak|literature	Other	other
iyi gelmek	VERB	379	meb|saha|tubitak|video|literature	Other	other
pes etmek	VERB	377	meb|saha|tubitak|video|literature	Other	other
abone olmak	VERB	376	meb|tubitak|video|literature	Work & Economy	financial concepts
söz etmek	VERB	374	meb|saha|tubitak|video|literature	Other	other
işaret etmek	VERB	373	meb|tubitak|video|literature	Other	other
hasta olmak	VERB	369	meb|saha|tubitak|video|literature	Health & Medicine	diseases
mutlu etmek	VERB	364	meb|saha|tubitak|video|literature	Emotions & Mental Processes	emotions
ses çıkmamak	VERB	356	meb|saha|tubitak|video|literature	Other	other
hata yapmak	VERB	353	saha|meb|video|tubitak|literature	Personality, Values & Behavior	behavior
iletişim kurmak	VERB	353	meb|saha|tubitak|video|literature	Education & Language	idioms
zarar görmek	VERB	353	meb|saha|tubitak|video|literature	Other	other
işi bitmek	VERB	350	meb|saha|tubitak|video|literature	Other	other
karşılık vermek	VERB	350	meb|saha|tubitak|video|literature	Education & Language	idioms
geri almak	VERB	349	meb|saha|tubitak|video|literature	Other	other
göz açamamak	VERB	342	meb|tubitak|video|literature	Other	other
günlük hayat	NOUN	338	saha|meb|video|tubitak|literature	Home & Domestic Life	daily life
meyve suyu	NOUN	338	meb|saha|tubitak|video|literature	Food & Nutrition	beverages
tehdit etmek	VERB	338	meb|saha|tubitak|video|literature	Personality, Values & Behavior	bullying
teslim etmek	VERB	337	meb|saha|tubitak|video|literature	Other	other
uzak durmak	VERB	336	meb|tubitak|video|literature	Other	other
yanı sıra	NOUN	334	meb|tubitak|video|literature	Education & Language	grammar
akşam yemeği	NOUN	333	meb|saha|tubitak|video|literature	Home & Domestic Life	night routine
işine gelmek	VERB	333	meb|saha|tubitak|video|literature	Education & Language	idioms
elinden tutmak	VERB	328	meb|saha|tubitak|video|literature	Personality, Values & Behavior	helpfulness
selam vermek	VERB	325	meb|saha|tubitak|video|literature	Other	other
katkıda bulunmak	VERB	322	meb|saha|tubitak|video|literature	Other	other
memnun olmak	VERB	322	meb|tubitak|video|literature	Other	other
ne de olsa	NOUN	320	meb|saha|tubitak|video|literature	Education & Language	grammar
görev yapmak	VERB	318	saha|meb|video|tubitak|literature	Other	other
iş başa düşmek	VERB	317	meb|tubitak|video|literature	People & Relationships	responsibilities
vakit geçirmek	VERB	317	meb|saha|tubitak|video|literature	Time, Numbers & Measurement	time
uzay istasyonu	NOUN	309	meb|tubitak|video	Space, Shapes & Properties	space
o kadar	NOUN	305	meb|saha|tubitak|video|literature	Education & Language	grammar
şimdiye kadar	NOUN	304	meb|saha|tubitak|video|literature	Time, Numbers & Measurement	time
hediye etmek	VERB	303	meb|saha|tubitak|video|literature	Other	other
ikna etmek	VERB	302	meb|saha|tubitak|video|literature	Other	other
yol göstermek	VERB	302	meb|tubitak|video|literature	Other	other
çabuk olmak	VERB	300	meb|video|literature	Other	other
not almak	VERB	300	meb|saha|tubitak|video|literature	Other	other
gereksinim duymak	VERB	299	tubitak|saha|meb	Other	other
harekete geçmek	VERB	298	meb|tubitak|video|literature	People & Relationships	responsibilities
dalga geçmek	VERB	296	meb|saha|tubitak|video|literature	Personality, Values & Behavior	bullying
mümkün olmak	VERB	295	meb|saha|tubitak|video|literature	Other	other
örnek vermek	VERB	293	meb|saha|tubitak|video|literature	Other	other
millî mücadele	NOUN	290	meb|tubitak|video|literature	History, Politics & Religion	historical events
temsil etmek	VERB	290	meb|tubitak|video|literature	Other	other
denk gelmek	VERB	289	meb|saha|tubitak|video|literature	Other	other
hamle yapmak	VERB	289	tubitak|meb|video|literature	Emotions & Mental Processes	action
kolay gelsin!	INTJ	288	meb|saha|tubitak|video|literature	Sound & Communication Phenomena	sounds
içinde olmak	VERB	287	meb|saha|tubitak|video|literature	Other	other
hayırlı olsun	NA	286	saha|meb|video|tubitak|literature	Education & Language	fixed expressions
yerinde duramamak	VERB	286	meb|saha|tubitak|video|literature	Emotions & Mental Processes	emotions
tespit etmek	VERB	284	meb|saha|tubitak|video|literature	Other	other
ifade vermek	VERB	283	meb|tubitak|literature	People & Relationships	responsibilities
sona ermek	VERB	283	meb|tubitak|video|literature	Time, Numbers & Measurement	time
altında kalmak	VERB	282	tubitak|meb|video|literature	Other	other
geri vermek	VERB	280	meb|saha|tubitak|video|literature	Other	other
gerçek olmak	VERB	276	meb|saha|tubitak|video|literature	Other	other
rüya görmek	VERB	276	meb|tubitak|video|literature	Other	other
i̇kram etmek	VERB	273	tubitak|meb|video|literature	Other	other
yemek yapmak	VERB	271	meb|saha|tubitak|video|literature	Other	other
gurur duymak	VERB	270	meb|saha|tubitak|video|literature	Emotions & Mental Processes	emotions
koku almak	VERB	267	meb|saha|tubitak|video|literature	Other	other
not etmek	VERB	267	meb|saha|tubitak|video|literature	Other	other
özen göstermek	VERB	264	meb|saha|tubitak|video|literature	Other	other
yardım almak	VERB	263	meb|saha|tubitak|video|literature	Personality, Values & Behavior	helpfulness
kahvaltı yapmak	VERB	259	meb|saha|tubitak|video|literature	Home & Domestic Life	daytime routines
ne olursa olsun	NOUN	257	meb|saha|tubitak|video|literature	Other	other
evcil hayvan	NOUN	254	meb|saha|tubitak|video|literature	Nature & Living Things	animals
uzay gemisi	NOUN	254	meb|saha|tubitak|video|literature	Space, Shapes & Properties	space
işine bakmak	VERB	253	meb|tubitak|video|literature	People & Relationships	responsibilities
hem de nasıl	NOUN	250	meb|saha|tubitak|video|literature	Other	other
önem vermek	VERB	250	meb|saha|tubitak|video|literature	Other	other
hayal kurmak	VERB	249	meb|saha|tubitak|video|literature	Education & Language	idioms
ikram etmek	VERB	249	meb|tubitak|video|literature	Other	other
ne yazık ki	NOUN	249	meb|tubitak|video|literature	Other	other
zıt anlamlı	NOUN	249	meb|literature	Education & Language	grammar
haber olmak	VERB	247	meb|saha|tubitak|video|literature	Other	other
çizgi film	NOUN	246	meb|saha|tubitak|video|literature	Arts, Media & Entertainment	cinema
rahat olmak	VERB	244	meb|saha|tubitak|video|literature	Emotions & Mental Processes	emotions
taklit etmek	VERB	244	meb|tubitak|video|literature	Other	other
önlem almak	VERB	243	meb|tubitak|video|literature	Transportation, Travel & Safety	safety rules
açık olmak	VERB	242	meb|saha|tubitak|video|literature	Other	other
meydana gelmek	VERB	242	meb|saha|tubitak|video|literature	Other	other
zaman zaman	NOUN	242	meb|tubitak|video|literature	Time, Numbers & Measurement	time
belli etmek	VERB	241	meb|saha|tubitak|video|literature	Other	other
eğitim almak	VERB	241	meb|saha|tubitak|video|literature	Education & Language	school
sağlık olsun!	NA	240	saha|meb|video|tubitak|literature	Education & Language	idioms
yuva yapmak	VERB	235	meb|saha|tubitak|video|literature	Education & Language	idioms
mücadele etmek	VERB	233	meb|saha|tubitak|video|literature	Other	other
tarif etmek	VERB	233	meb|saha|tubitak|video|literature	Other	other
yarım saat	NOUN	232	meb|saha|tubitak|video|literature	Time, Numbers & Measurement	time
iç geçirmek	VERB	231	meb|saha|tubitak|video|literature	Emotions & Mental Processes	emotions
afiyet olsun	NA	229	meb|tubitak|video|literature	Sound & Communication Phenomena	sounds
ateş etmek	VERB	228	meb|tubitak|video|literature	Violence & Conflict	violence
araya girmek	VERB	227	meb|saha|tubitak|video|literature	Other	other
izin almak	VERB	227	meb|saha|tubitak|video|literature	Other	other
geçmiş olsun	NA	225	meb|tubitak|video|literature	Other	other
iyi gün	NOUN	225	meb|tubitak|video|literature	Other	other
başından geçmek	VERB	224	meb|tubitak|video|literature	Other	other
eksik olmamak	VERB	224	meb|saha|tubitak|video|literature	Other	other
dikkate almak	VERB	223	meb|tubitak|video|literature	Other	other
uykuya dalmak	VERB	223	meb|saha|tubitak|video|literature	Home & Domestic Life	night routine
ilan etmek	VERB	221	meb|saha|tubitak|video|literature	Other	other
nefret etmek	VERB	218	saha|tubitak|video|literature	Emotions & Mental Processes	emotions
ortaya çıkarmak	VERB	218	meb|saha|tubitak|video|literature	Other	other
bir araya getirmek	VERB	217	meb|saha|tubitak|video|literature	Other	other
rahat bırakmak	VERB	217	meb|tubitak|video|literature	Other	other
dost olmak	VERB	215	meb|saha|tubitak|video|literature	People & Relationships	friendship
namaz kılmak	VERB	214	meb|video|literature	History, Politics & Religion	religion
altta kalmak	VERB	210	meb|tubitak|video|literature	Other	other
örnek olmak	VERB	210	meb|saha|tubitak|video|literature	Other	other
destek olmak	VERB	206	meb|tubitak|video|literature	Personality, Values & Behavior	helpfulness
etkili olmak	VERB	206	meb|saha|tubitak|video|literature	Other	other
idare etmek	VERB	206	meb|tubitak|video|literature	Other	other
teslim olmak	VERB	204	meb|tubitak|video|literature	Other	other
öne çıkmak	VERB	203	meb|tubitak|video|literature	Other	other
haber almak	VERB	202	meb|tubitak|video|literature	Other	other
ortaya koymak	VERB	202	meb|saha|tubitak|video|literature	Other	other
hak vermek	VERB	201	meb|saha|tubitak|video|literature	Other	other
test etmek	VERB	201	meb|saha|tubitak|video|literature	Other	other
yok canım	NA	200	meb|tubitak|video|literature	Other	other
açığa çıkmak	VERB	199	meb|tubitak|video|literature	Other	other
balık tutmak	VERB	199	meb|tubitak|video|literature	Earth, Geography & Natural Phenomena	sea
işgal etmek	VERB	198	meb|tubitak|video|literature	Violence & Conflict	violence
adam olmak	VERB	195	meb|saha|tubitak|video|literature	Other	other
çıplak gözle	NOUN	195	meb|tubitak|video	Education & Language	idioms
isim vermek	VERB	195	saha|meb|video|tubitak|literature	Education & Language	idioms
kafası karışmak	VERB	195	meb|saha|tubitak|video|literature	Emotions & Mental Processes	emotions
hay Allah!	NA	194	meb|video|literature	Education & Language	idioms
diş fırçası	NOUN	193	meb|saha|tubitak|video|literature	Personal Care & Consumer Life	hygiene products
iç çekmek	VERB	193	meb|saha|tubitak|video|literature	Education & Language	idioms
karar almak	VERB	193	meb|saha|tubitak|video|literature	People & Relationships	responsibilities
göz atmak	VERB	192	meb|tubitak|video|literature	Education & Language	idioms
yalnız kalmak	VERB	192	saha|meb|video|tubitak|literature	Other	other
ev sahipliği yapmak	VERB	190	tubitak|meb	Other	other
kısa yoldan	NOUN	189	meb|saha|tubitak|video|literature	Other	other
alışveriş yapmak	VERB	188	meb|saha|tubitak|video|literature	Personal Care & Consumer Life	shopping
bu sebeple	NOUN	187	meb|tubitak|video|literature	Education & Language	grammar
trafik kazası	NOUN	186	saha|meb|video|tubitak|literature	Transportation, Travel & Safety	traffic
ara vermek	VERB	183	meb|tubitak|video|literature	Time, Numbers & Measurement	time
göz kırpmak	VERB	183	meb|tubitak|video|literature	Other	other
karşı koymak	VERB	183	meb|tubitak|video|literature	Other	other
saygı duymak	VERB	183	meb|saha|tubitak|video|literature	Personality, Values & Behavior	morality
hoş bulduk	NA	182	meb|saha|tubitak|video|literature	Sound & Communication Phenomena	sounds
zaman geçirmek	VERB	181	meb|saha|tubitak|video|literature	Time, Numbers & Measurement	time
can sıkmak	VERB	179	meb|saha|tubitak|video|literature	Education & Language	idioms
el vermek	VERB	179	meb|tubitak|video|literature	Personality, Values & Behavior	helpfulness
doğal afet	NOUN	178	meb|saha|tubitak|video|literature	Earth, Geography & Natural Phenomena	disasters
geri çekilmek	VERB	177	tubitak|video|literature	Other	other
fen bilimleri	NOUN	175	meb|saha|tubitak|literature	Science & Technology	scientific disciplines
serbest bırakmak	VERB	175	meb|tubitak|video|literature	Personality, Values & Behavior	forgiveness
kavga etmek	VERB	174	meb|saha|tubitak|video|literature	Violence & Conflict	violence
sağlık olsun	NA	174	meb|saha|tubitak|video|literature	Other	other
göze almak	VERB	172	meb|saha|tubitak|video|literature	People & Relationships	responsibilities
iyi iş	NOUN	172	meb|tubitak|video|literature	Other	other
üst kat	NOUN	172	meb|saha|tubitak|video|literature	Home & Domestic Life	home
zaman almak	VERB	172	meb|saha|tubitak|video|literature	Time, Numbers & Measurement	time
iş güç	NOUN	171	meb|tubitak|video|literature	Personality, Values & Behavior	diligence
itiraz etmek	VERB	170	meb|saha|tubitak|video|literature	Other	other
emanet etmek	VERB	168	saha|meb|video|tubitak|literature	Personality, Values & Behavior	behavior
banyo yapmak	VERB	167	meb|saha|tubitak|video|literature	Personal Care & Consumer Life	hygiene products
ortadan kaybolmak	VERB	167	meb|tubitak|video|literature	Other	other
yol tutmak	VERB	167	meb|tubitak|video|literature	Education & Language	idioms
iyi gitmek	VERB	166	meb|tubitak|video|literature	Other	other
ok atmak	VERB	164	meb|saha|tubitak|video|literature	Sports, Games & Recreation	sports
son dakika	NOUN	164	meb|tubitak|video|literature	Other	other
yemin etmek	VERB	163	meb|saha|video|literature	Other	other
park etmek	VERB	162	meb|saha|tubitak|video|literature	Transportation, Travel & Safety	vehicles
baba olmak	VERB	161	meb|saha|tubitak|video|literature	People & Relationships	kinship
puan almak	VERB	161	meb|tubitak|video|literature	Sports, Games & Recreation	sports
tehlilkeye atmak	VERB	161	tubitak|meb|video|literature	Education & Language	idioms
çığlık atmak	VERB	160	meb|tubitak|video|literature	Sound & Communication Phenomena	sounds
ısrar etmek	VERB	160	meb|saha|tubitak|video|literature	Other	other
zengin olmak	VERB	160	meb|tubitak|video|literature	Other	other
iple çekmek	VERB	158	tubitak|meb|video|literature	Education & Language	idioms
emeği geçmek	VERB	157	meb|tubitak|video|literature	Personality, Values & Behavior	diligence
görev almak	VERB	157	meb|tubitak|video|literature	People & Relationships	responsibilities
rol oynamak	VERB	157	meb|tubitak|video|literature	Arts, Media & Entertainment	theater
iş bitirmek	VERB	156	meb|tubitak|video|literature	Other	other
vakit kaybetmeden	NOUN	156	meb|video|literature	Time, Numbers & Measurement	time
yakın arkadaş	NOUN	156	meb|saha|tubitak|video|literature	People & Relationships	friendship
kış uykusu	NOUN	155	meb|saha|tubitak|video|literature	Nature & Living Things	animals
ödül almak	VERB	154	meb|tubitak|video|literature	People & Relationships	responsibilities
üzerinde durmak	VERB	154	meb|tubitak|video|literature	Other	other
yerine geçmek	VERB	154	meb|saha|tubitak|video|literature	People & Relationships	responsibilities
el uzatmak	VERB	152	saha|meb|video|tubitak|literature	Education & Language	idioms
boş yere	NOUN	151	meb|saha|tubitak|video|literature	Other	other
emir vermek	VERB	151	meb|saha|tubitak|video|literature	People & Relationships	responsibilities
hayırlı olmak	VERB	151	meb|saha|video|literature|tubitak	Personality, Values & Behavior	morality
soluk almak	VERB	151	meb|saha|tubitak|video|literature	Health & Medicine	body
yol vermek	VERB	151	meb|saha|tubitak|video|literature	Transportation, Travel & Safety	traffic rules
ihmal etmek	VERB	150	meb|tubitak|video|literature	Other	other
ne olur ne olmaz	NOUN	150	meb|saha|tubitak|video|literature	Other	other
alay etmek	VERB	149	meb|saha|tubitak|video|literature	Personality, Values & Behavior	bullying
tepki vermek	VERB	149	meb|saha|tubitak|video|literature	Other	other
itiraf etmek	VERB	148	tubitak|video|literature	Personality, Values & Behavior	honesty
Kuzey Kutbu	PROPN	148	meb|tubitak|video|literature	Earth, Geography & Natural Phenomena	geography
sahip çıkmak	VERB	148	meb|saha|tubitak|video|literature	Other	other
pişman olmak	VERB	146	meb|saha|tubitak|video|literature	Emotions & Mental Processes	emotions
sorun olmak	VERB	146	meb|saha|tubitak|video|literature	Other	other
güneş enerjisi	NOUN	145	meb|tubitak|video|literature	Science & Technology	energy resources
göz göze gelmek	VERB	144	meb|saha|tubitak|video|literature	Education & Language	idioms
vefat etmek	VERB	144	meb|saha|video|literature	Other	other
örnek almak	VERB	143	meb|saha|tubitak|video|literature	Other	other
yazık olmak	VERB	142	meb|tubitak|video|literature	Other	other
ders almak	VERB	141	meb|saha|tubitak|video|literature	Other	other
gözden geçirmek	VERB	141	meb|saha|tubitak|video|literature	Education & Language	idioms
çocuk oyunu	NOUN	140	meb|saha|tubitak|video|literature	Other	other
tavsiye etmek	VERB	140	meb|saha|tubitak|video|literature	Other	other
hayvanat bahçesi	NOUN	139	meb|saha|tubitak|video|literature	Nature & Living Things	animals
gök bilimci	NOUN	138	video|meb|tubitak	Work & Economy	occupations
iş görmek	VERB	138	meb|tubitak|video|literature	People & Relationships	responsibilities
şekil vermek	VERB	138	meb|saha|tubitak|video|literature	Arts, Media & Entertainment	design
baş etmek	VERB	137	meb|tubitak|video|literature	Personality, Values & Behavior	self discipline
imza atmak	VERB	137	tubitak|meb|video|literature	Other	other
ipini çekmek	VERB	137	meb|tubitak|video|literature	Education & Language	idioms
tadını çıkarmak	VERB	137	meb|saha|tubitak|video|literature	Education & Language	idioms
yapay zekâ	NOUN	137	video|meb|tubitak|saha|literature	Science & Technology	information technologies
rekor kırmak	VERB	136	meb|tubitak|video|literature	Sports, Games & Recreation	sports
altını çizmek	VERB	135	meb|tubitak|video|literature	Other	other
anlam vermek	VERB	135	meb|tubitak|video|literature	Emotions & Mental Processes	intelligence and reasoning
tehlikeye atmak	VERB	134	meb|tubitak|video|literature	Other	other
antik kent	NOUN	132	saha|meb|video|tubitak|literature	History, Politics & Religion	historical sites
değer vermek	VERB	132	meb|saha|tubitak|video|literature	Education & Language	idioms
son bulmak	VERB	132	meb|tubitak|video|literature	Other	other
temas etmek	VERB	132	meb|saha|tubitak|video|literature	Other	other
millî park	NOUN	131	meb|tubitak|video|literature	Places & Settlements	places
akıllı telefon	NOUN	130	saha|video	Science & Technology	telephone
alt tarafı	NOUN	130	meb|saha|tubitak|video|literature	Other	other
misafir olmak	VERB	130	meb|saha|tubitak|video|literature	Other	other
başlangıç noktası	NOUN	129	meb|tubitak|video|literature	Space, Shapes & Properties	directions
ele geçmek	VERB	129	meb|saha|tubitak|video|literature	Other	other
ana fikir	NOUN	128	meb|tubitak|video|literature	Literature & Publishing	language and literature
razı olmak	VERB	128	meb|tubitak|video|literature	Other	other
madenî para	NOUN	127	meb|tubitak	Work & Economy	financial concepts
son vermek	VERB	127	meb|tubitak|video|literature	Emotions & Mental Processes	intelligence and reasoning
şükürler olsun	NA	127	meb|video|literature	History, Politics & Religion	religion
iman etmek	VERB	126	meb|video|literature	History, Politics & Religion	religion
veda etmek	VERB	126	meb|tubitak|video|literature	Other	other
mat olmak	VERB	125	meb|tubitak|video	Sports, Games & Recreation	sports
ayak basmak	VERB	124	meb|saha|tubitak|video|literature	Other	other
gol atmak	VERB	124	meb|saha|tubitak|video|literature	Sports, Games & Recreation	sports
hizmet etmek	VERB	124	meb|saha|tubitak|video|literature	People & Relationships	responsibilities
mola vermek	VERB	124	meb|saha|tubitak|video|literature	Other	other
başa çıkmak	VERB	123	meb|tubitak|video|literature	People & Relationships	responsibilities
fena değil	INTJ	123	meb|saha|tubitak|video|literature	Other	other
mat etmek	VERB	123	tubitak|video	Sports, Games & Recreation	sports
gösteri yapmak	VERB	122	meb|saha|tubitak|video|literature	Arts, Media & Entertainment	performance
iş çıkarmak	VERB	122	meb|tubitak|video|literature	Education & Language	idioms
çözüm yolu	NOUN	121	meb|tubitak|video|literature	Emotions & Mental Processes	intelligence and reasoning
hile yapmak	VERB	121	video|literature	Personality, Values & Behavior	behavior
maç yapmak	VERB	121	meb|saha|tubitak|video|literature	Sports, Games & Recreation	sports
hay aksi!	NA	120	tubitak|meb|video|literature	Education & Language	fixed expressions
diş hekimi	NOUN	119	meb|tubitak|video|literature	Work & Economy	occupations
saygı göstermek	VERB	119	meb|saha|video|literature	Personality, Values & Behavior	morality
zarar gelmek	VERB	119	meb|saha|tubitak|video|literature	Other	other
ağır ol!	NA	118	meb|saha|tubitak|video|literature	Sound & Communication Phenomena	sounds
gözleri dolmak	VERB	116	meb|tubitak|video|literature	Emotions & Mental Processes	emotions
tedavi etmek	VERB	116	meb|saha|tubitak|video|literature	Health & Medicine	medicine
yoluna girmek	VERB	116	meb|tubitak|video|literature	Other	other
pet şişe	NOUN	115	meb|saha|tubitak|video|literature	Nature & Living Things	recycling
söz dinlemek	VERB	115	meb|saha|tubitak|video|literature	Other	other
cüce gezegen	NOUN	114	saha|tubitak|video	Space, Shapes & Properties	space
ışık kirliliği	NOUN	114	meb|saha|tubitak|video	Earth, Geography & Natural Phenomena	natural phenomena
kahkaha atmak	VERB	114	meb|saha|tubitak|video|literature	Education & Language	idioms
manyetik alan	NOUN	114	meb|saha|tubitak|video|literature	Science & Technology	energy resources
destek vermek	VERB	113	tubitak|meb|video|literature	Other	other
el atmak	VERB	113	tubitak|video|literature	Personality, Values & Behavior	helpfulness
zaman makinesi	NOUN	113	tubitak|meb|video|literature	Other	other
meşe palamudu	NOUN	112	meb|tubitak|video|literature	Nature & Living Things	plants
ne var ki	NOUN	112	meb|saha|tubitak|video|literature	Other	other
portakal suyu	NOUN	112	meb|saha|tubitak|video|literature	Food & Nutrition	beverages
şahit olmak	VERB	112	meb|tubitak|video|literature	Other	other
tur atmak	VERB	112	meb|tubitak|video|literature	Other	other
yolda kalmak	VERB	112	meb|tubitak|video|literature	Transportation, Travel & Safety	vehicles
eş anlamlı	NOUN	111	meb|tubitak|video|literature	Education & Language	grammar
teklif etmek	VERB	111	meb|saha|tubitak|video|literature	Other	other
zam yapmak	VERB	111	saha|meb|video|tubitak|literature	Work & Economy	financial concepts
birlik olmak	VERB	110	meb|tubitak|video|literature	People & Relationships	friendship
fırsat bulmak	VERB	110	meb|tubitak|video|literature	Other	other
gıt gıt gıdak	NA	110	video|meb|literature	Nature & Living Things	animals
guguklu saat	NOUN	110	meb|tubitak|video|literature	Home & Domestic Life	home appliances
Güney Kutbu	PROPN	110	meb|tubitak|video|literature	Earth, Geography & Natural Phenomena	geography
her ne kadar	NOUN	110	meb|saha|tubitak|video|literature	Education & Language	grammar
maruz kalmak	VERB	110	meb|tubitak|video|literature	Other	other
uyum sağlamak	VERB	110	meb|saha|tubitak|video|literature	Other	other
Buzul Çağı	PROPN	109	tubitak|video	Time, Numbers & Measurement	time
aman Tanrı'm!	NA	108	video|literature	Education & Language	fixed expressions
sipariş etmek	VERB	108	meb|saha|tubitak|video|literature	Personal Care & Consumer Life	shopping
uçsuz bucaksız	NOUNJ	108	tubitak|meb|video|literature	Earth, Geography & Natural Phenomena	landforms
lazım olmak	VERB	107	meb|saha|tubitak|video|literature	Other	other
mahsur kalmak	VERB	107	meb|tubitak|video|literature	Earth, Geography & Natural Phenomena	disasters
muayene etmek	VERB	107	meb|saha|tubitak|video|literature	Health & Medicine	medicine
takla atmak	VERB	107	meb|saha|tubitak|video|literature	Other	other
boş durmak	VERB	106	meb|saha|tubitak|video|literature	Other	other
hava almak	VERB	106	meb|saha|tubitak|video|literature	Other	other
yaya geçidi	NOUN	106	meb|saha|tubitak|video|literature	Transportation, Travel & Safety	traffic rules
yol yapmak	VERB	106	meb|tubitak|video|literature	Other	other
yola gelmek	VERB	106	meb|tubitak|video|literature	Education & Language	idioms
ceza vermek	VERB	105	meb|saha|tubitak|video|literature	Transportation, Travel & Safety	safety rules
feda etmek	VERB	105	meb|tubitak|video|literature	Personality, Values & Behavior	helpfulness
fena olmak	VERB	105	meb|tubitak|video|literature	Other	other
ortadan kaldırmak	VERB	105	meb|tubitak|video|literature	Other	other
eş anlam	NOUN	104	meb|literature	Education & Language	grammar
espri yapmak	VERB	104	meb|tubitak|video|literature	Other	other
kendini bilmek	VERB	104	meb|tubitak|video|literature	Personality, Values & Behavior	self discipline
nişan almak	VERB	104	meb|video|literature	Other	other
takdir etmek	VERB	104	meb|tubitak|video|literature	Other	other
hepi topu	NOUN	103	video|meb|literature	Other	other
iş değil	NA	103	meb|tubitak|video|literature	Other	other
piknik yapmak	VERB	103	meb|saha|tubitak|video|literature	Personal Care & Consumer Life	vacation
seyahat etmek	VERB	103	meb|saha|tubitak|video|literature	Other	other
yola düşmek	VERB	103	meb|tubitak|video|literature	Education & Language	idioms
başarısız olmak	VERB	100	meb|saha|tubitak|video|literature	Other	other
diş macunu	NOUN	100	meb|saha|tubitak|video|literature	Personal Care & Consumer Life	beauty products
duş almak	VERB	100	saha|meb|video|tubitak|literature	Personal Care & Consumer Life	personal care and hygiene
gayret etmek	VERB	100	meb|saha|tubitak|video|literature	Personality, Values & Behavior	diligence
göz kulak olmak	VERB	100	meb|saha|tubitak|video|literature	Education & Language	idioms
faydalı olmak	VERB	99	meb|saha|tubitak|video|literature	Personality, Values & Behavior	helpfulness
heyecan vermek	VERB	99	meb|saha|tubitak|video|literature	Emotions & Mental Processes	emotions
sosyal medya	NOUN	99	meb|tubitak|video|literature	Science & Technology	internet
uykusunu almak	VERB	99	meb|tubitak|video|literature	Other	other
yabancı dil	NOUN	98	meb|saha|tubitak|video|literature	Education & Language	grammar
doğal kaynak	NOUN	97	tubitak|meb|video|literature	Science & Technology	energy resources
müdahale etmek	VERB	97	meb|saha|tubitak|video|literature	Other	other
söz almak	VERB	97	meb|tubitak|video|literature	Other	other
söz tutmak	VERB	97	meb|saha|video|literature	Education & Language	idioms
aklına gelmek	VERB	96	meb|saha|tubitak|video|literature	Emotions & Mental Processes	intelligence and reasoning
cesaret etmek	VERB	96	tubitak|video|literature	Other	other
dile getirmek	VERB	96	meb|tubitak|video|literature	Education & Language	idioms
canı yanmak	VERB	95	meb|saha|tubitak|video|literature	Emotions & Mental Processes	emotions
içine atmak	VERB	95	meb|saha|tubitak|video|literature	Emotions & Mental Processes	emotions
el koymak	VERB	94	meb|saha|tubitak|video|literature	Other	other
özel isim	NOUN	94	meb|video|literature	Education & Language	grammar
seçim yapmak	VERB	94	meb|saha|tubitak|video|literature	Other	other
söz kesmek	VERB	94	meb|saha|video|literature	Education & Language	idioms
bulaşık makinesi	NOUN	93	meb|saha|tubitak|video|literature	Home & Domestic Life	home appliances
kendini göstermek	VERB	93	meb|saha|tubitak|video|literature	Other	other
yerini doldurmak	VERB	93	meb|tubitak|video|literature	Other	other
alt etmek	VERB	92	meb|tubitak|video|literature	Other	other
kral olmak	VERB	92	meb|tubitak|video|literature	Other	other
peşini bırakmak	VERB	92	tubitak|video|literature	Education & Language	idioms
tuzak kurmak	VERB	92	tubitak|video|literature	Violence & Conflict	violence
ciddiye almak	VERB	91	video|literature	Other	other
iz bırakmak	VERB	91	meb|saha|tubitak|video|literature	Other	other
kendini tutmak	VERB	91	saha|tubitak|video|literature	Personality, Values & Behavior	self discipline
yararlı olmak	VERB	91	tubitak|meb|video|literature	Other	other
analiz etmek	VERB	90	meb|tubitak|video|literature	Other	other
iş karıştırmak	VERB	90	meb|tubitak|video|literature	Other	other
kişisel bakım	NOUN	90	meb|tubitak|literature	Personal Care & Consumer Life	personal care and hygiene
şikâyet etmek	VERB	90	video|meb|tubitak|saha|literature	Other	other
iş almak	VERB	89	saha|tubitak|video|literature	Other	other
işe koyulmak	VERB	89	meb|tubitak|video|literature	Personality, Values & Behavior	diligence
kırmızı ışık	NOUN	89	meb|tubitak|video|literature	Transportation, Travel & Safety	traffic rules
akıllı saat	NOUN	88	saha|meb|video|tubitak|literature	Personal Care & Consumer Life	accessories
bitki örtüsü	NOUN	88	meb|tubitak|video|literature	Nature & Living Things	plants
ilgi duymak	VERB	88	meb|saha|tubitak|video|literature	Education & Language	idioms
pestile çevirmek	VERB	88	tubitak|video|literature	Education & Language	idioms
yüzü gülmek	VERB	88	meb|tubitak|video|literature	Emotions & Mental Processes	emotions
hizmet vermek	VERB	87	meb|saha|tubitak|video|literature	People & Relationships	responsibilities
i̇sabet etmek	VERB	87	tubitak|meb|video|literature	Education & Language	idioms
rahatsız etmek	VERB	87	meb|tubitak|video|literature	Personality, Values & Behavior	bullying
tanık olmak	VERB	86	meb|tubitak|video|literature	Other	other
armağan etmek	VERB	85	meb|saha|tubitak|video|literature	Other	other
etki etmek	VERB	85	meb|tubitak|video|literature	Other	other
iptal etmek	VERB	85	meb|tubitak|video|literature	Other	other
ipucu vermek	VERB	85	meb|tubitak|video|literature	Education & Language	idioms
işi çıkmak	VERB	85	meb|saha|tubitak|video|literature	People & Relationships	responsibilities
kendinden geçmek	VERB	85	tubitak|video|literature	Emotions & Mental Processes	emotions
oruç tutmak	VERB	85	meb|saha|video|literature	History, Politics & Religion	religion
alt kat	NOUN	84	meb|saha|tubitak|video|literature	Home & Domestic Life	home
endişe etmek	VERB	84	tubitak|video|literature	Emotions & Mental Processes	emotions
israf etmek	VERB	84	meb|saha|tubitak|video|literature	Nature & Living Things	waste
teselli etmek	VERB	84	meb|saha|tubitak|video|literature	Other	other
peşine takılmak	VERB	83	meb|saha|tubitak|video|literature	Other	other
can atmak	VERB	82	meb|tubitak|video|literature	Emotions & Mental Processes	emotions
göz önünde bulundurmak	VERB	81	meb|saha|tubitak|video|literature	Education & Language	idioms
kulak vermek	VERB	81	meb|tubitak|video|literature	Education & Language	idioms
ödünç almak	VERB	81	meb|saha|tubitak|video|literature	People & Relationships	sharing
sahneye çıkmak	VERB	81	meb|saha|tubitak|video|literature	Arts, Media & Entertainment	theater
şarj etmek	VERB	81	meb|tubitak|video|literature	Science & Technology	energy resources
tadına bakmak	VERB	81	meb|tubitak|video|literature	Food & Nutrition	food and drinks
emek vermek	VERB	80	meb|saha|tubitak|video|literature	Personality, Values & Behavior	diligence
film çekmek	VERB	80	meb|tubitak|video|literature	Arts, Media & Entertainment	cinema
helal olmak	VERB	80	meb|video|literature	History, Politics & Religion	religion
yarım kalmak	VERB	80	meb|tubitak|video|literature	Other	other
yeşil ışık	NOUN	80	meb|tubitak|video|literature	Transportation, Travel & Safety	traffic rules
gözünde olmamak	VERB	79	meb|saha|tubitak|video|literature	Other	other
kendini vermek	VERB	79	meb|saha|tubitak|video|literature	People & Relationships	responsibilities
tat almak	VERB	79	meb|saha|tubitak|video|literature	Food & Nutrition	dishes
yol aramak	VERB	79	meb|tubitak|video|literature	Other	other
akıl almak	VERB	78	tubitak|video|literature	Emotions & Mental Processes	intelligence and reasoning
hak kazanmak	VERB	78	meb|tubitak|video|literature	Other	other
hitap etmek	VERB	78	meb|tubitak|video|literature	Other	other
rezil olmak	VERB	78	video|literature	Other	other
başı ağrımak	VERB	77	tubitak|meb|video|literature	Education & Language	idioms
egzersiz yapmak	VERB	77	meb|saha|tubitak|video|literature	Sports, Games & Recreation	sports
harekete geçirmek	VERB	77	meb|tubitak|video|literature	Other	other
hava atmak	VERB	77	meb|tubitak|video|literature	Education & Language	idioms
hayran kalmak	VERB	77	meb|tubitak|video|literature	Other	other
iade etmek	VERB	77	meb|saha|tubitak|video|literature	Other	other
meydan okumak	VERB	77	meb|tubitak|video|literature	Education & Language	idioms
olanak sağlamak	VERB	77	meb|tubitak|video|literature	Other	other
renk vermek	VERB	77	meb|saha|tubitak|video|literature	Other	other
siyah beyaz	NOUN	77	meb|saha|tubitak|video|literature	Space, Shapes & Properties	colors
uzak tutmak	VERB	77	meb|tubitak|video|literature	Other	other
yer tutmak	VERB	77	meb|tubitak|video|literature	Education & Language	idioms
ayakta kalmak	VERB	76	meb|saha|tubitak|video|literature	Other	other
evvel zaman içinde, kalbur saman içinde	NA	76	meb|tubitak|video|literature	Literature & Publishing	fairytale
havada kalmak	VERB	76	meb|saha|tubitak|video|literature	Other	other
içinden gelmek	VERB	76	meb|saha|tubitak|video|literature	Emotions & Mental Processes	emotions
istifa etmek	VERB	76	meb|tubitak|video|literature	People & Relationships	responsibilities
normale dönmek	VERB	76	tubitak|video|literature	Other	other
peşini bırakmamak	VERB	76	tubitak|video|literature	Other	other
selam söylemek	VERB	76	meb|tubitak|video|literature	Other	other
tedbir almak	VERB	76	meb|saha|tubitak|video|literature	Other	other
antrenman yapmak	VERB	75	meb|saha|tubitak|video|literature	Sports, Games & Recreation	sports
nöbet tutmak	VERB	75	saha|meb|video|tubitak|literature	Work & Economy	duties
yanıt vermek	VERB	75	meb|tubitak|video|literature	Other	other
abdest almak	VERB	74	meb|saha|video|literature	History, Politics & Religion	religion
dinî bayram	NOUN	74	meb|saha|literature	History, Politics & Religion	religious holidays
görsel sanatlar	NOUN	74	meb|saha|tubitak|literature	Arts, Media & Entertainment	handicrafts
alışveriş merkezi	NOUN	73	meb|saha|tubitak|video|literature	Personal Care & Consumer Life	malls
devreye girmek	VERB	73	meb|tubitak|video|literature	Education & Language	idioms
ikna olmak	VERB	73	meb|tubitak|video|literature	Other	other
ışık almak	VERB	73	meb|tubitak|video|literature	Other	other
sipariş vermek	VERB	73	meb|tubitak|video|literature	Personal Care & Consumer Life	shopping
alt yazı	NOUN	72	meb|saha|tubitak|video|literature	Arts, Media & Entertainment	cinema
baş ağrısı	NOUN	72	meb|tubitak|video|literature	Health & Medicine	diseases
gün boyu	NOUN	72	meb|tubitak|video|literature	Time, Numbers & Measurement	time
kimlik kartı	NOUN	71	meb|saha|tubitak|video|literature	Places & Settlements	countries
saygılı olmak	VERB	71	tubitak|meb|video|literature	Personality, Values & Behavior	ethical values
tekerlekli sandalye	NOUN	71	tubitak|meb|video|literature	Health & Medicine	diseases
üste çıkmak	VERB	71	meb|saha|tubitak|video|literature	Other	other
üstünde durmak	VERB	71	meb|tubitak|video|literature	Other	other
gerek duymak	VERB	70	tubitak|meb|video|literature	Other	other
numara yapmak	VERB	70	meb|tubitak|video|literature	Other	other
soğuk espri	NOUN	70	video|literature	Other	other
üçgen prizma	NOUN	70	meb|tubitak|video|literature	Space, Shapes & Properties	geometrical shapes
üye olmak	VERB	70	meb|tubitak|video|literature	People & Relationships	responsibilities
açık deniz	NOUN	69	meb|tubitak|video|literature	Earth, Geography & Natural Phenomena	sea
burnundan gelmek	VERB	69	meb|tubitak|video|literature	Education & Language	idioms
çekim yapmak	VERB	69	tubitak|video|literature	Other	other
dağ eteği	NOUN	69	meb|tubitak|video|literature	Earth, Geography & Natural Phenomena	geographical features
destek almak	VERB	69	tubitak|meb|video|literature	Other	other
eğitim vermek	VERB	69	meb|saha|tubitak|video|literature	Education & Language	school
ihlal etmek	VERB	69	meb|tubitak|video|literature	Other	other
kale almamak	VERB	69	meb|tubitak|literature	Other	other
rahat vermek	VERB	69	tubitak|meb|video|literature	Education & Language	idioms
iddia etmek	VERB	68	meb|tubitak|video|literature	Other	other
iş bırakmak	VERB	68	meb|tubitak|video|literature	Other	other
kuru fasulye	NOUN	68	meb|saha|tubitak|video|literature	Food & Nutrition	dishes
laf etmek	VERB	68	meb|saha|video|literature	Other	other
ortak olmak	VERB	68	meb|tubitak|video|literature	Work & Economy	financial concepts
sivil toplum	NOUN	68	meb|tubitak|literature	People & Relationships	responsibilities
yerinden oynamak	VERB	68	meb|tubitak|video|literature	Other	other
bozuk para	NOUN	67	saha|tubitak|video|literature	Work & Economy	financial concepts
canlı yayın	NOUN	67	meb|tubitak|video|literature	Science & Technology	screen
çift sayı	NOUN	67	meb|saha|tubitak|video|literature	Time, Numbers & Measurement	numbers
haberdar olmak	VERB	67	meb|tubitak|video|literature	Other	other
hava akımı	NOUN	67	tubitak|video|literature	Earth, Geography & Natural Phenomena	meteorology
karşı olmak	VERB	67	meb|tubitak|video|literature	Other	other
nokta koymak	VERB	67	meb|tubitak|video|literature	Other	other
önüne bakmak	VERB	67	meb|tubitak|video|literature	Other	other
ortadan kalkmak	VERB	67	meb|tubitak|video|literature	Other	other
poz vermek	VERB	67	tubitak|video|literature	Education & Language	idioms
tarihî eser	NOUN	67	saha|meb|video|tubitak|literature	History, Politics & Religion	historical artifacts
tatlı su	NOUN	67	video|meb|tubitak|literature	Food & Nutrition	beverages
asker olmak	VERB	66	meb|saha|tubitak|video|literature	Work & Economy	occupations
baskın yapmak	VERB	66	meb|video|literature	Violence & Conflict	violence
el ele vermek	VERB	66	meb|tubitak|video|literature	Education & Language	idioms
fırsat vermek	VERB	66	meb|tubitak|video|literature	Other	other
gece gece	NOUN	66	meb|video|literature	Time, Numbers & Measurement	time
karşı karşıya gelmek	VERB	66	tubitak|meb|video|literature	Education & Language	idioms
tek sayı	NOUN	66	meb|tubitak|video|literature	Time, Numbers & Measurement	numbers
zor gelmek	VERB	66	saha|tubitak|video|literature	Other	other
bağlantı kurmak	VERB	65	meb|saha|tubitak|video|literature	Other	other
ders olmak	VERB	65	meb|saha|tubitak|video|literature	Other	other
ortaya atmak	VERB	65	meb|tubitak|video|literature	Other	other
rezil etmek	VERB	65	saha|video|literature	Other	other
anı yaşamak	VERB	64	saha|meb|video|tubitak|literature	Emotions & Mental Processes	tendency
can vermek	VERB	64	meb|tubitak|video|literature	Education & Language	idioms
emekli olmak	VERB	64	tubitak|video|literature	Work & Economy	occupations
işaret vermek	VERB	64	meb|tubitak|video|literature	Other	other
işe girmek	VERB	64	meb|saha|video|literature	Work & Economy	occupations
pastel boya	NOUN	64	meb|saha|tubitak|video|literature	Space, Shapes & Properties	colors
tersine dönmek	VERB	64	meb|tubitak|video|literature	Other	other
yanı başı	NOUN	64	meb|saha|tubitak|video|literature	Other	other
aile bütçesi	NOUN	63	meb|saha|tubitak|literature	Work & Economy	financial concepts
akılda kalmak	VERB	63	saha|meb|video|tubitak|literature	Education & Language	idioms
i̇lgi göstermek	VERB	63	saha|meb|video|tubitak|literature	Education & Language	idioms
millî bayram	NOUN	63	meb|saha|tubitak|literature	History, Politics & Religion	national holidays
sosyal bilim	NOUN	63	meb|tubitak|video|literature	Education & Language	school
temin etmek	VERB	63	meb|tubitak|video|literature	Other	other
boşa gitmek	VERB	62	meb|video|literature	Other	other
el sanatları	NOUN	62	meb|saha|tubitak|literature	Arts, Media & Entertainment	handicrafts
esir almak	VERB	62	tubitak|video|literature	Personality, Values & Behavior	bullying
ev yapımı	NOUN	62	saha|meb|video|tubitak|literature	Other	other
ıslık çalmak	VERB	62	meb|tubitak|video|literature	Other	other
kahvaltı etmek	VERB	62	meb|saha|tubitak|video|literature	Home & Domestic Life	daytime routines
mezun olmak	VERB	62	meb|saha|tubitak|video|literature	Education & Language	school
el sıkmak	VERB	61	meb|tubitak|video|literature	People & Relationships	friendship
güneş gözlüğü	NOUN	61	meb|saha|tubitak|video|literature	Personal Care & Consumer Life	accessories
hakkından gelmek	VERB	61	video|literature	Education & Language	idioms
hayatını yaşamak	VERB	61	meb|saha|tubitak|video|literature	Other	other
intikam almak	VERB	61	video|literature	Violence & Conflict	violence
kolaçan etmek	VERB	61	tubitak|video|literature	Other	other
oyun almak	VERB	61	meb|tubitak|video|literature	Other	other
sinir bozukluğu	NOUN	61	saha|tubitak|video|literature	Health & Medicine	diseases
taş atmak	VERB	61	meb|tubitak|video|literature	Other	other
gününü göstermek	VERB	60	meb|tubitak|video|literature	Personality, Values & Behavior	bullying
iş birliği yapmak	VERB	60	meb|tubitak|video|literature	People & Relationships	sharing
kara gün	NOUN	60	meb|tubitak|video|literature	Other	other
pat diye	NA	60	meb|video|literature	Sound & Communication Phenomena	sounds
su çekmek	VERB	60	meb|saha|tubitak|video|literature	Other	other
sefere çıkmak	VERB	59	meb|tubitak|video|literature	History, Politics & Religion	historical events
çocuk oyuncağı	NOUN	58	meb|tubitak|video|literature	Other	other
çocuk yapmak	VERB	58	meb|tubitak|video|literature	People & Relationships	kinship
dağ başı	NOUN	58	meb|saha|tubitak|video|literature	Earth, Geography & Natural Phenomena	geographical features
inat etmek	VERB	58	video|literature	Other	other
kendini bulmak	VERB	58	meb|tubitak|video|literature	Personality, Values & Behavior	self discipline
kurban olmak	VERB	58	meb|video|literature	Other	other
motorlu taşıt	NOUN	58	meb|literature	Transportation, Travel & Safety	vehicles
peşinde olmak	VERB	58	tubitak|video|literature	Other	other
rahatsız olmak	VERB	58	meb|saha|tubitak|video|literature	Other	other
yoluna koymak	VERB	58	meb|tubitak|video|literature	Other	other
çözüm üretmek	VERB	57	saha|meb|video|tubitak|literature	Emotions & Mental Processes	intelligence and reasoning
ders programı	NOUN	57	meb|tubitak|video|literature	Education & Language	school
kedi gibi	NOUN	57	meb|tubitak|video|literature	Personality, Values & Behavior	temperament
kılığına girmek	VERB	57	tubitak|video|literature	Other	other
rahat vermemek	VERB	57	meb|video|literature	Personality, Values & Behavior	bullying
göbek atmak	VERB	56	video|literature	Arts, Media & Entertainment	dance
oyundan çıkmak	VERB	56	tubitak|meb|video|literature	Education & Language	idioms
şans vermek	VERB	56	tubitak|meb|video|literature	Education & Language	idioms
trafik ışığı	NOUN	56	tubitak|meb|video|literature	Transportation, Travel & Safety	traffic rules
ufak tefek	NOUN	56	meb|tubitak|video|literature	Other	other
zorluk çekmek	VERB	56	saha|meb|video|tubitak|literature	Education & Language	idioms
acı çekmek	VERB	55	meb|tubitak|video|literature	Emotions & Mental Processes	emotions
anlaşma yapmak	VERB	55	tubitak|meb|video|literature	Other	other
bal gibi	NA	55	meb|saha|tubitak|video|literature	Other	other
başı dertte olmak	VERB	55	tubitak|video|literature	Education & Language	idioms
dik açı	NOUN	55	meb|tubitak|video|literature	Space, Shapes & Properties	geometrical shapes
evin yolunu tutmak	VERB	55	meb|video|literature	Education & Language	idioms
iş bilmek	VERB	55	meb|saha|video|literature	Personality, Values & Behavior	diligence
masal okumak	VERB	55	meb|tubitak|video|literature	Other	other
mesaj atmak	VERB	55	meb|saha|tubitak|video|literature	Science & Technology	telephone
ses vermek	VERB	55	meb|saha|tubitak|video|literature	Other	other
tam sayı	NOUN	55	tubitak|video	Time, Numbers & Measurement	numbers
tek sıra	NOUN	55	tubitak|meb|video|literature	Education & Language	idioms
uzak kalmak	VERB	55	meb|tubitak|video|literature	Other	other
zaman kazanmak	VERB	55	meb|tubitak|video|literature	Time, Numbers & Measurement	time
çıt çıkarmamak	VERB	54	meb|video|literature	Sound & Communication Phenomena	sounds
göz yummak	VERB	54	meb|tubitak|video|literature	Other	other
hâkim olmak	VERB	54	meb|tubitak|video|literature	Personality, Values & Behavior	self discipline
hicret etmek	VERB	54	meb|video|literature	History, Politics & Religion	migration
iç organlar	NOUN	54	meb|saha|tubitak|video|literature	Health & Medicine	body
karşı karşı gelmek	VERB	54	meb|saha|tubitak|video|literature	Other	other
masa tenisi	NOUN	54	meb|saha|tubitak|video|literature	Sports, Games & Recreation	sports
öte yandan	NOUN	54	meb|tubitak|video|literature	Education & Language	grammar
oyun yapmak	VERB	54	meb|tubitak|video|literature	Other	other
puan vermek	VERB	54	meb|tubitak|video	Other	other
rahat bir nefes almak	VERB	54	video|literature	Education & Language	idioms
satranç takımı	NOUN	54	meb|tubitak|video	Arts, Media & Entertainment	hobbies
teşvik etmek	VERB	54	meb|tubitak|video|literature	Other	other
üstüne basmak	VERB	54	meb|saha|tubitak|video|literature	Other	other
aklından çıkmak	VERB	53	tubitak|meb|video|literature	Emotions & Mental Processes	intelligence and reasoning
çaba göstermek	VERB	53	meb|saha|tubitak|video|literature	Personality, Values & Behavior	diligence
hafife almak	VERB	53	tubitak|video|literature	Other	other
ilham vermek	VERB	53	meb|tubitak|video|literature	Education & Language	idioms
kara bulut	NOUN	53	meb|saha|tubitak|video|literature	Earth, Geography & Natural Phenomena	meteorology
kaşlarını çatmak	VERB	53	meb|tubitak|video|literature	Emotions & Mental Processes	emotions
kısa çizgi	NOUN	53	meb|tubitak	Education & Language	grammar
mal olmak	VERB	53	meb|tubitak|video|literature	Work & Economy	financial concepts
nefes kesmek	VERB	53	tubitak|video|literature	Education & Language	idioms
oradan buradan	NOUN	53	meb|tubitak|video|literature	Other	other
ortada kalmak	VERB	53	meb|saha|tubitak|video|literature	Other	other
tuzağa düşmek	VERB	53	tubitak|video|literature	Other	other
üstüne oturmak	VERB	53	meb|tubitak|video|literature	Other	other
el açmak	VERB	52	meb|tubitak|video|literature	Other	other
eşkenar üçgen	NOUN	52	meb|tubitak|video	Space, Shapes & Properties	geometrical shapes
fikir vermek	VERB	52	meb|tubitak|video|literature	Emotions & Mental Processes	intelligence and reasoning
geri çevirmek	VERB	52	meb|tubitak|video|literature	Other	other
hesap sormak	VERB	52	tubitak|video|literature	People & Relationships	responsibilities
hız yapmak	VERB	52	saha|meb|video|tubitak|literature	Transportation, Travel & Safety	traffic rules
meydana getirmek	VERB	52	meb|tubitak|video|literature	Other	other
aklı kalmak	VERB	51	meb|saha|tubitak|video|literature	Education & Language	idioms
arka arkaya	NOUN	51	meb|tubitak|video|literature	Other	other
baskı yapmak	VERB	51	meb|tubitak|video|literature	Personality, Values & Behavior	bullying
eş sesli	NOUN	51	meb|literature	Education & Language	grammar
geri sayım	NOUN	51	tubitak|video|literature	Other	other
güven vermek	VERB	51	meb|saha|tubitak|video|literature	Personality, Values & Behavior	honesty
halay çekmek	VERB	51	meb|saha|tubitak|video|literature	Arts, Media & Entertainment	dance
kendini kaybetmek	VERB	51	video|literature	Personality, Values & Behavior	self discipline
kutlu olsun	NA	51	meb|tubitak|video|literature	Other	other
millî marş	NOUN	51	meb|tubitak|video|literature	Places & Settlements	nations
moral vermek	VERB	51	meb|video|literature	Other	other
morali bozulmak	VERB	51	meb|tubitak|video|literature	Emotions & Mental Processes	emotions
ortak nokta	NOUN	51	saha|meb|video|tubitak|literature	Other	other
tereddüt etmek	VERB	51	meb|tubitak|video|literature	Other	other
vah vah	NOUN	51	meb|video|literature	Emotions & Mental Processes	emotions
can yakmak	VERB	50	meb|tubitak|video|literature	Violence & Conflict	violence
dâhil etmek	VERB	50	video|meb|tubitak|literature	Other	other
dümen kırmak	VERB	50	video|literature	Education & Language	idioms
fırsat bilmek	VERB	50	saha|tubitak|video|literature	Other	other
gün doğumu	NOUN	50	saha|meb|video|tubitak|literature	Earth, Geography & Natural Phenomena	natural phenomena
kamp kurmak	VERB	50	meb|tubitak|video|literature	Personal Care & Consumer Life	vacation
puan toplamak	VERB	50	meb|tubitak|video|literature	Sports, Games & Recreation	sports
tam sırası	NOUN	50	meb|tubitak|video|literature	Other	other
telafi etmek	VERB	50	saha|video|literature	Other	other
aday olmak	VERB	49	meb|tubitak|video|literature	People & Relationships	responsibilities
içine dert olmak	VERB	49	tubitak|video|literature	Emotions & Mental Processes	emotions
kafa karıştırmak	VERB	49	tubitak|saha|video|literature	Emotions & Mental Processes	intelligence and reasoning
kafaya takmak	VERB	49	saha|video|literature	Emotions & Mental Processes	emotions
kaza yapmak	VERB	49	saha|meb|video|tubitak|literature	Transportation, Travel & Safety	traffic
midesi bulanmak	VERB	49	saha|meb|video|tubitak|literature	Education & Language	idioms
oyuna çıkmak	VERB	49	meb|tubitak|video|literature	Arts, Media & Entertainment	theater
bir solukta	NOUN	48	tubitak|video|literature	Other	other
dert etmek	VERB	48	meb|tubitak|video|literature	Other	other
halk müziği	NOUN	48	meb|tubitak|video|literature	Arts, Media & Entertainment	music
hayal kırıklığına uğramak	VERB	48	meb|saha|tubitak|video|literature	Emotions & Mental Processes	emotions
ilham almak	VERB	48	meb|tubitak|video|literature	Other	other
meşgul etmek	VERB	48	meb|saha|tubitak|video|literature	Other	other
nefes nefese kalmak	VERB	48	meb|saha|video|literature	Other	other
puan kazandırmak	VERB	48	meb|tubitak|video|literature	Other	other
tatlı kaşığı	NOUN	48	meb|saha|tubitak|literature	Home & Domestic Life	kitchen utensils
ağır gelmek	VERB	47	meb|tubitak|video|literature	Other	other
ana baba	NOUN	47	meb|tubitak|video|literature	People & Relationships	family
ayağı tutmamak	VERB	47	saha|meb|video|tubitak|literature	Health & Medicine	diseases
ayıp etmek	VERB	47	saha|video|literature	Personality, Values & Behavior	morality
çatı katı	NOUN	47	tubitak|video|literature	Home & Domestic Life	home
elini çabuk tutmak	VERB	47	tubitak|video|literature	Education & Language	idioms
görüşme yapmak	VERB	47	meb|tubitak|video|literature	Other	other
gözlerini kaçırmak	VERB	47	meb|tubitak|video|literature	Other	other
hava taşıtı	NOUN	47	meb|tubitak|video|literature	Transportation, Travel & Safety	vehicles
Mors alfabesi	NOUN	47	meb|tubitak|video|literature	Education & Language	spelling
popüler olmak	VERB	47	tubitak|video|literature	Other	other
randevu almak	VERB	47	meb|saha|tubitak|video|literature	Other	other
rol yapmak	VERB	47	meb|tubitak|video|literature	Arts, Media & Entertainment	theater
sağa sola bakmak	VERB	47	meb|video|literature	Education & Language	idioms
sarf etmek	VERB	47	meb|tubitak|video|literature	Other	other
silip süpürmek	VERB	47	literature	Education & Language	idioms
üstüne gitmek	VERB	47	saha|tubitak|video|literature	Violence & Conflict	violence
yük olmak	VERB	47	meb|tubitak|video|literature	Education & Language	idioms
aklı fikri bir şeyde olmak	VERB	46	meb|video|literature	Emotions & Mental Processes	intelligence and reasoning
ateş açmak	VERB	46	meb|saha|literature	Violence & Conflict	violence
buz tutmak	VERB	46	meb|tubitak|video|literature	Earth, Geography & Natural Phenomena	natural phenomena
can dostu	NOUN	46	tubitak|video|literature	People & Relationships	friendship
can kulağıyla dinlemek	NOUN	46	meb|video|literature	Education & Language	idioms
can olmak	VERB	46	meb|saha|tubitak|video|literature	Other	other
dile gelmek	VERB	46	meb|saha|tubitak|video|literature	Other	other
ev halkı	NOUN	46	meb|saha|tubitak|video|literature	People & Relationships	kinship
yaya kaldırımı	NOUN	46	meb|video|literature	Transportation, Travel & Safety	traffic
yerle bir etmek	VERB	46	meb|saha|tubitak|video|literature	Violence & Conflict	violence
aklından geçmek	VERB	45	meb|saha|video|literature	Emotions & Mental Processes	intelligence and reasoning
aşı olmak	VERB	45	meb|tubitak|video|literature	Health & Medicine	medicine
ders çıkarmak	VERB	45	saha|meb|video|tubitak|literature	Education & Language	idioms
empati kurmak	VERB	45	saha|meb|video|tubitak|literature	Emotions & Mental Processes	emotions
eyvahlar olsun	NA	45	video|literature	Other	other
göz gezdirmek	VERB	45	meb|tubitak|video|literature	Education & Language	idioms
göze girmek	VERB	45	meb|saha|tubitak|video|literature	Education & Language	idioms
haber yapmak	VERB	45	meb|tubitak|video|literature	Other	other
hayata geçirmek	VERB	45	meb|tubitak|video|literature	Other	other
içli köfte	NOUN	45	saha|video|literature	Food & Nutrition	dishes
öz bakım	NOUN	45	meb|saha	Personal Care & Consumer Life	personal care and hygiene
sesini kesmek	VERB	45	meb|saha|tubitak|video|literature	Other	other
sokak köpeği	NOUN	45	tubitak|meb|video|literature	Nature & Living Things	animals
yemek masası	NOUN	45	meb|saha|tubitak|video|literature	Home & Domestic Life	kitchen utensils
yön vermek	VERB	45	meb|tubitak|video|literature	Education & Language	idioms
ayak uydurmak	VERB	44	meb|tubitak|video|literature	Education & Language	idioms
bağlı kalmak	VERB	44	tubitak|meb|video|literature	Personality, Values & Behavior	loyalty
beyaz eşya	NOUN	44	meb|saha|tubitak|video	Home & Domestic Life	home appliances
bitiş çizgisi	NOUN	44	meb|tubitak|video|literature	Sports, Games & Recreation	sports
can alıcı	NOUNJ	44	tubitak|video|literature	Other	other
ceza almak	VERB	44	meb|saha|video|literature	People & Relationships	responsibilities
ispat etmek	VERB	44	tubitak|video|literature	Other	other
iz sürmek	VERB	44	tubitak|video|literature	Other	other
ışık tutmak	VERB	44	meb|tubitak|video|literature	Education & Language	idioms
kilo almak	VERB	44	meb|saha|tubitak|video|literature	Health & Medicine	body
mücadele vermek	VERB	44	meb|tubitak|video|literature	Other	other
röportaj yapmak	VERB	44	meb|tubitak|video|literature	Literature & Publishing	language and literature
sokak kedisi	NOUN	44	tubitak|meb|video|literature	Nature & Living Things	animals
takdim etmek	VERB	44	video|literature	Other	other
tatlı dil	NOUN	44	meb|tubitak|video|literature	Personality, Values & Behavior	behavior
toplu taşıma	NOUN	44	meb|saha|tubitak|video|literature	Transportation, Travel & Safety	vehicles
yağlı güreş	NOUN	44	meb|saha	Sports, Games & Recreation	sports
aklı çıkmak	VERB	43	meb|tubitak|video|literature	Education & Language	idioms
çarpım tablosu	NOUN	43	meb|tubitak|literature	Time, Numbers & Measurement	numbers
geri durmak	VERB	43	meb|tubitak|video|literature	Personality, Values & Behavior	self discipline
haber göndermek	VERB	43	meb|tubitak|video|literature	Other	other
iş açmak	VERB	43	tubitak|video|literature	Other	other
mesaj vermek	VERB	43	meb|tubitak|video|literature	Other	other
meşgul olmak	VERB	43	meb|tubitak|video|literature	Other	other
öne almak	VERB	43	meb|saha|tubitak|video|literature	Other	other
rol almak	VERB	43	meb|tubitak|video|literature	Arts, Media & Entertainment	theater
servis etmek	VERB	43	meb|saha|tubitak|video|literature	Other	other
tekme atmak	VERB	43	meb|saha|tubitak|video|literature	Violence & Conflict	violence
yüzüne vurmak	VERB	43	meb|saha|video|literature	Violence & Conflict	violence
beyaz peynir	NOUN	42	meb|tubitak|video|literature	Food & Nutrition	dishes
elinde kalmak	VERB	42	meb|tubitak|video|literature	Other	other
fikir almak	VERB	42	meb|saha|tubitak|video|literature	Other	other
iş vermek	VERB	42	meb|saha|tubitak|video|literature	Other	other
kuyruk sallamak	VERB	42	meb|tubitak|video|literature	Education & Language	idioms
öne sürmek	VERB	42	meb|tubitak|literature	Education & Language	idioms
rüyasına girmek	VERB	42	tubitak|video|literature	Other	other
sıvı sabun	NOUN	42	meb|saha|tubitak|video|literature	Personal Care & Consumer Life	hygiene products
üstü kalsın	NA	42	meb|saha|tubitak|video|literature	Work & Economy	financial concepts
uygun görmek	VERB	42	meb|tubitak|video|literature	Other	other
yasak olmak	VERB	42	meb|saha|tubitak|video|literature	Personality, Values & Behavior	morality
canı çekmek	VERB	41	meb|saha|video|literature	Education & Language	idioms
erkek olmak	VERB	41	meb|saha|tubitak|video|literature	Other	other
güçlük çekmek	VERB	41	meb|tubitak|video|literature	Education & Language	idioms
güneş saati	NOUN	41	meb|tubitak|video|literature	Time, Numbers & Measurement	calendar
hasta etmek	VERB	41	meb|saha|tubitak|video|literature	Health & Medicine	diseases
kafa kafaya vermek	VERB	41	meb|saha|tubitak|video|literature	Education & Language	idioms
öncelik vermek	VERB	41	saha|meb|video|tubitak|literature	Other	other
sonuç vermek	VERB	41	meb|tubitak|video|literature	Other	other
tek sıra olmak	VERB	41	meb|tubitak|video|literature	Other	other
yerli malı	NOUN	41	meb|saha|video|literature	Places & Settlements	countries
yolunu tutmak	VERB	41	meb|tubitak|video|literature	Education & Language	idioms
yosun tutmak	VERB	41	meb|saha|tubitak|video|literature	Nature & Living Things	plants
aklı takılmak	VERB	40	meb|tubitak|video|literature	Education & Language	idioms
Allah akıl fikir versin	INTJ	40	meb|video|literature	History, Politics & Religion	religion
Allah korusun	NA	40	saha|meb|video|literature	Education & Language	idioms
çaba harcamak	VERB	40	meb|tubitak|video|literature	Personality, Values & Behavior	diligence
cesaretini toplamak	VERB	40	meb|tubitak|video|literature	Education & Language	idioms
dili tutulmak	VERB	40	meb|video|literature	Education & Language	idioms
dilini yutmak	VERB	40	meb|video|literature	Education & Language	idioms
diş doktoru	NOUN	40	meb|saha|tubitak|video|literature	Work & Economy	occupations
hücum etmek	VERB	40	meb|tubitak|video|literature	Violence & Conflict	violence
moralini bozmak	VERB	40	meb|saha|video|literature	Other	other
sıkıntı çekmek	VERB	40	meb|tubitak|video|literature	Education & Language	idioms
tedirgin etmek	VERB	40	meb|tubitak|video|literature	Other	other
uğurlar olsun	NA	40	meb|video|literature	Other	other
zevk almak	VERB	40	meb|saha|tubitak|video|literature	Emotions & Mental Processes	emotions
ana düşünce	NOUN	39	meb|literature	Literature & Publishing	language and literature
boyun eğmek	VERB	39	meb|tubitak|video|literature	Education & Language	idioms
çıt çıkmamak	VERB	39	meb|video|literature	Other	other
fazla kaçırmak	VERB	39	meb|tubitak|video	Personality, Values & Behavior	self discipline
gıcık olmak	VERB	39	video|literature	Other	other
göz dikmek	VERB	39	meb|tubitak|video|literature	Education & Language	idioms
huzur vermek	VERB	39	meb|saha|tubitak|video|literature	Education & Language	idioms
kapı aralamak	VERB	39	tubitak|video|literature	Education & Language	idioms
kayda geçmek	VERB	39	tubitak|meb|video|literature	Education & Language	idioms
kıpkırmızı olmak	VERB	39	video|literature	Emotions & Mental Processes	emotions
rıza göstermek	VERB	39	tubitak|video|literature	Other	other
sağa sola bakmadan	NOUN	39	meb|saha|tubitak|video|literature	Other	other
Türk Cumhuriyetleri	PROPN	39	meb|literature	Places & Settlements	countries
alfabetik sıralama	NOUN	38	meb|tubitak|video|literature	Education & Language	grammar
anahtar sözcük	NOUN	38	meb|tubitak|video	Education & Language	grammar
ayakta tutmak	VERB	38	meb|saha|tubitak|video|literature	Other	other
çiçek gibi	NA	38	meb|tubitak|video|literature	Other	other
doğum günü	NOUN	38	meb|saha|tubitak|video|literature	History, Politics & Religion	special days
duyum almak	VERB	38	saha|tubitak|video|literature	Other	other
el çekmek	VERB	38	meb|tubitak|video|literature	Education & Language	idioms
fazla gelmek	VERB	38	meb|saha|tubitak|video|literature	Other	other
hayatını kaybetmek	VERB	38	tubitak|meb|video|literature	Education & Language	idioms
hüküm sürmek	VERB	38	meb|tubitak|video|literature	Other	other
kâğıt para	NOUN	38	meb|saha|tubitak|video|literature	Work & Economy	financial concepts
kırmızı kart	NOUN	38	tubitak|video|literature	Sports, Games & Recreation	sports
köşeyi dönmek	VERB	38	tubitak|video|literature	Education & Language	idioms
sanal gerçeklik	NOUN	38	meb|tubitak|video	Science & Technology	information technologies
şifa vermek	VERB	38	meb|video|literature	Other	other
sorun çıkarmak	VERB	38	meb|tubitak|video|literature	Personality, Values & Behavior	bullying
suç işlemek	VERB	38	meb|saha|tubitak|video|literature	Personality, Values & Behavior	morality
uyku saati	NOUN	38	meb|tubitak|video|literature	Home & Domestic Life	night routine
uzay boşluğu	NOUN	38	saha|tubitak|video|literature	Space, Shapes & Properties	space
yarı yolda bırakmak	VERB	38	meb|saha|tubitak|video|literature	Education & Language	idioms
zahmet etmek	VERB	38	saha|video|literature	Other	other
can gelmek	VERB	37	video|literature	Education & Language	idioms
cins isim	NOUN	37	meb	Education & Language	grammar
hedef olmak	VERB	37	meb|tubitak|video|literature	Other	other
iş çevirmek	VERB	37	meb|tubitak|video|literature	Education & Language	idioms
kitap fuarı	NOUN	37	meb|tubitak|video|literature	Places & Settlements	places
kulağı çınlasınmak	VERB	37	tubitak|video|literature	Education & Language	fixed expressions
laf atmak	VERB	37	tubitak|video|literature	Education & Language	idioms
nefes kesici	NOUNJ	37	tubitak|video|literature	Emotions & Mental Processes	emotions
öncülük etmek	VERB	37	meb|tubitak|video|literature	Other	other
sonuç almak	VERB	37	meb|tubitak|video|literature	Other	other
su gibi akmak	VERB	37	meb|saha|tubitak|video|literature	Education & Language	idioms
yalan atmak	VERB	37	saha|video|literature	Education & Language	idioms
yemek vermek	VERB	37	meb|saha|tubitak|video|literature	People & Relationships	sharing
aklı başına gelmek	VERB	36	meb|saha|tubitak|video|literature	Education & Language	idioms
Allah bilir	NA	36	meb|video|literature	Education & Language	idioms
bisiklet yolu	NOUN	36	meb|tubitak|video|literature	Transportation, Travel & Safety	traffic
haklı çıkmak	VERB	36	tubitak|video|literature	Education & Language	idioms
inkâr etmek	VERB	36	video|literature	Personality, Values & Behavior	behavior
karşı karşıya kalmak	VERB	36	meb|saha|tubitak|video|literature	Other	other
konser vermek	VERB	36	meb|tubitak|video|literature	Arts, Media & Entertainment	music
memnun etmek	VERB	36	meb|tubitak|video|literature	Other	other
oralı olmamak	VERB	36	meb|literature	Education & Language	idioms
söz konusu olmak	VERB	36	meb|saha|tubitak|video|literature	Other	other
telaffuz etmek	VERB	36	meb|tubitak|video|literature	Education & Language	grammar
bağrına basmak	VERB	35	meb|video|literature	Personality, Values & Behavior	love
bilişim teknolojisi	NOUN	35	meb|tubitak	Science & Technology	information technologies
bulaşık deterjanı	NOUN	35	meb|tubitak|video|literature	Personal Care & Consumer Life	hygiene products
elektronik posta	NOUN	35	meb|tubitak|video|literature	Science & Technology	computer
gaza gelmek	VERB	35	video|literature	Emotions & Mental Processes	emotions
haklı olmak	VERB	35	meb|tubitak|video|literature	Personality, Values & Behavior	morality
hava yastığı	NOUN	35	tubitak|video|literature	Transportation, Travel & Safety	vehicles
hayal olmak	VERB	35	meb|saha|tubitak|video|literature	Other	other
kafa yormak	VERB	35	saha|tubitak|video|literature	Emotions & Mental Processes	intelligence and reasoning
kayda geçirmek	VERB	35	meb|tubitak|video|literature	Other	other
keyfi yerine gelmek	VERB	35	meb|saha|tubitak|video|literature	Education & Language	idioms
manevra yapmak	VERB	35	meb|tubitak|video|literature	Other	other
sonuç çıkarmak	VERB	35	meb|tubitak|video|literature	Emotions & Mental Processes	intelligence and reasoning
Taş Devri	PROPN	35	meb|tubitak|video|literature	History, Politics & Religion	historical events
uyku çekmek	VERB	35	tubitak|video|literature	Education & Language	idioms
zorunlu olarak	NOUN	35	meb|saha|tubitak|video|literature	Other	other
akıl etmek	VERB	34	tubitak|video|literature	Emotions & Mental Processes	intelligence and reasoning
çarpı işaret	NOUN	34	meb|tubitak|literature	Other	other
ceza çekmek	VERB	34	video|literature	People & Relationships	responsibilities
doğa yürüyüşü	NOUN	34	meb|saha|tubitak|literature	Personal Care & Consumer Life	vacation
eli cebine atmamak	VERB	34	video|literature	Education & Language	idioms
içi yanmak	VERB	34	meb|video|literature	Education & Language	idioms
ihanet etmek	VERB	34	meb|video|literature	Personality, Values & Behavior	morality
konuk olmak	VERB	34	tubitak|video|literature	Other	other
motive etmek	VERB	34	meb|video|literature	Other	other
müjde vermek	VERB	34	meb|tubitak|video|literature	Other	other
sağ kalmak	VERB	34	meb|saha|tubitak|video|literature	Other	other
sağlıklı yaşam	NOUN	34	meb|tubitak|video|literature	Health & Medicine	medicine
sinir etmek	VERB	34	saha|video|literature	Other	other
teslim almak	VERB	34	meb|tubitak|video|literature	Other	other
toz olmak	VERB	34	meb|saha|tubitak|video|literature	Other	other
başı derde girmek	VERB	33	meb|tubitak|video|literature	Education & Language	idioms
başını derde sokmak	VERB	33	meb|tubitak|video|literature	Education & Language	idioms
cebine atmak	VERB	33	tubitak|video|literature	Other	other
isyan etmek	VERB	33	meb|tubitak|video|literature	Emotions & Mental Processes	anger
kolları sıvamak	VERB	33	meb|saha|tubitak|video|literature	Personality, Values & Behavior	diligence
küplere binmek	VERB	33	meb|video|literature	Emotions & Mental Processes	anger
olta atmak	VERB	33	meb|video|literature	Earth, Geography & Natural Phenomena	sea
oy vermek	VERB	33	meb|video|literature	People & Relationships	responsibilities
temel haklar	NOUN	33	meb|saha|literature	Work & Economy	duties
ağzını kapamak	VERB	32	meb|tubitak|video|literature	Other	other
alet olmak	VERB	32	meb|saha|tubitak|video|literature	Other	other
bahane bulmak	VERB	32	video|literature	Other	other
birbirine girmek	VERB	32	tubitak|video|literature	Violence & Conflict	violence
duvar saati	NOUN	32	meb|tubitak|video|literature	Home & Domestic Life	home appliances
evlat edinmek	VERB	32	meb|video|literature	People & Relationships	kinship
fren yapmak	VERB	32	meb|tubitak|video|literature	Transportation, Travel & Safety	traffic
gerek görmek	VERB	32	meb|tubitak|video|literature	Other	other
geri vites	NOUN	32	tubitak|video	Transportation, Travel & Safety	vehicles
gözüne çarpmak	VERB	32	meb|tubitak|video|literature	Education & Language	idioms
hava tahmini	NOUN	32	meb|tubitak|video|literature	Earth, Geography & Natural Phenomena	meteorology
kulağına fısıldamak	VERB	32	meb|tubitak|video|literature	Other	other
kulak asmak	VERB	32	meb|video|literature	Education & Language	idioms
kulak misafiri olmak	VERB	32	meb|saha|tubitak|video|literature	Education & Language	idioms
muhtaç olmak	VERB	32	meb|saha|video|literature	Other	other
oyuna gelmek	VERB	32	meb|saha|tubitak|video|literature	Education & Language	idioms
perde arkası	NOUN	32	meb|tubitak|video|literature	Other	other
püf noktası	NOUN	32	tubitak|video|literature	Other	other
sıkı durmak	VERB	32	tubitak|video|literature	Other	other
soluk soluğa	NOUN	32	tubitak|video|literature	Other	other
tayin etmek	VERB	32	meb|video|literature	Other	other
televizyon programı	NOUN	32	meb|tubitak|video|literature	Arts, Media & Entertainment	television
uykusu kaçmak	VERB	32	tubitak|video|literature	Education & Language	idioms
ağırlığı olmak	VERB	31	meb|saha|tubitak|video|literature	Other	other
alaca karanlık	NOUN	31	video|tubitak|literature	Time, Numbers & Measurement	time
altını üstüne getirmek	VERB	31	meb|tubitak|video|literature	Education & Language	idioms
burun kıvırmak	VERB	31	tubitak|video|literature	Education & Language	idioms
cam gibi	NA	31	meb|tubitak|video|literature	Personality, Values & Behavior	appearance
dil dökmek	VERB	31	meb|video|literature	Education & Language	idioms
elektrikli alet	NOUN	31	tubitak|meb|literature	Home & Domestic Life	home appliances
ileri sürmek	VERB	31	meb|tubitak|video|literature	Education & Language	idioms
indirim yapmak	VERB	31	meb|tubitak|video|literature	Personal Care & Consumer Life	shopping
izah etmek	VERB	31	video|literature	Other	other
kulağı çınlasın	VERB	31	tubitak|video|literature	Other	other
kulaklarına inanmamak	VERB	31	tubitak|video|literature	Education & Language	idioms
kuru boya	NOUN	31	meb|saha|tubitak|video|literature	Arts, Media & Entertainment	handicrafts
merhamet etmek	VERB	31	meb|video|literature	Personality, Values & Behavior	forgiveness
muhabbet etmek	VERB	31	meb|saha|tubitak|video|literature	Other	other
yan bakmak	VERB	31	meb|tubitak|video|literature	Education & Language	idioms
yol kesmek	VERB	31	meb|saha|tubitak|video|literature	Violence & Conflict	violence
zaman vermek	VERB	31	meb|video|literature	Time, Numbers & Measurement	time
âşık olmak	VERB	30	tubitak|video|literature	Emotions & Mental Processes	emotions
bayram şekeri	NOUN	30	saha|meb|video|tubitak|literature	History, Politics & Religion	religious holidays
çamaşır ipi	NOUN	30	meb|tubitak|video|literature	Home & Domestic Life	home
göğsü kabarmak	VERB	30	meb|video|literature	Education & Language	idioms
hedef almak	VERB	30	meb|tubitak|video|literature	Other	other
kendini bırakmak	VERB	30	meb|tubitak|video|literature	Education & Language	idioms
kilo vermek	VERB	30	meb|video|literature	Health & Medicine	body
meraktan çatlamak	VERB	30	tubitak|video|literature	Education & Language	idioms
özel hayat	NOUN	30	meb|tubitak|video|literature	Other	other
talep etmek	VERB	30	meb|tubitak|video|literature	People & Relationships	responsibilities
tozu dumana katmak	VERB	30	meb|video|literature	Education & Language	idioms
yüzünden okunmak	VERB	30	tubitak|meb|video|literature	Education & Language	idioms
aksi takdirde	NOUN	29	meb|video|literature	Education & Language	grammar
Allah rahmet eylesin	NA	29	meb|literature	History, Politics & Religion	religion
analiz yapmak	VERB	29	tubitak|meb|video|literature	Emotions & Mental Processes	intelligence and reasoning
baş başa kalmak	VERB	29	meb|saha|tubitak|video|literature	Other	other
berbat etmek	VERB	29	video|literature	Other	other
canı çıkmak	VERB	29	video|literature	Education & Language	idioms
cesaret vermek	VERB	29	meb|tubitak|video|literature	Education & Language	idioms
diz çökmek	VERB	29	meb|tubitak|video|literature	Other	other
el üstünde tutmak	VERB	29	meb|tubitak|video|literature	Education & Language	idioms
emir almak	VERB	29	meb|video|literature	Other	other
hesap etmek	VERB	29	meb|video|literature	Other	other
iç içe geçmek	VERB	29	meb|saha|tubitak|video|literature	Other	other
kara kara düşünmek	VERB	29	meb|tubitak|video|literature	Education & Language	idioms
kısa film	NOUN	29	tubitak|meb|video|literature	Arts, Media & Entertainment	cinema
kuru üzüm	NOUN	29	tubitak|video|literature	Food & Nutrition	food and drinks
mum yakmak	VERB	29	meb|tubitak|video|literature	Other	other
niyet etmek	VERB	29	meb|video|literature	Other	other
öneride bulunmak	VERB	29	meb|tubitak|video|literature	Other	other
şaha kalkmak	VERB	29	literature	Other	other
üstüne atmak	VERB	29	meb|saha|tubitak|video|literature	Education & Language	idioms
vesile olmak	VERB	29	meb|tubitak|video|literature	Other	other
yağlı boya	NOUN	29	tubitak|video|literature	Arts, Media & Entertainment	hobbies
yüz tutmak	VERB	29	meb|tubitak|literature	Education & Language	idioms
yüz vermek	VERB	29	meb|tubitak|video|literature	Education & Language	idioms
ziyafet çekmek	VERB	29	meb|saha|tubitak|video|literature	Food & Nutrition	dishes
akıl hocası	NOUN	28	video|literature	Other	other
aklı karışmak	VERB	28	meb|tubitak|video|literature	Emotions & Mental Processes	intelligence and reasoning
arka çıkmak	VERB	28	meb|tubitak|video|literature	Personality, Values & Behavior	helpfulness
arzu etmek	VERB	28	meb|tubitak|video|literature	Emotions & Mental Processes	emotions
ayağını kaydırmak	VERB	28	meb|tubitak|video|literature	Personality, Values & Behavior	bullying
çoban köpeği	NOUN	28	meb|tubitak|video|literature	Nature & Living Things	animals
eline düşmek	VERB	28	meb|tubitak|video|literature	Education & Language	idioms
geniş açı	NOUN	28	meb|tubitak|literature	Space, Shapes & Properties	geometrical shapes
hassas olmak	VERB	28	meb|tubitak|video|literature	Emotions & Mental Processes	emotions
havai fişek	NOUN	28	tubitak|video|literature	Other	other
içeriye dalmak	VERB	28	tubitak|video|literature	Other	other
içi içini yemek	VERB	28	meb|tubitak|video|literature	Education & Language	idioms
ikiz doğurmak	VERB	28	tubitak|video	Education & Language	idioms
katkı maddesi	NOUN	28	meb|tubitak|literature	Food & Nutrition	food and drinks
kendini beğenmek	VERB	28	meb|tubitak|video|literature	Other	other
oy kullanmak	VERB	28	tubitak|meb|video|literature	People & Relationships	responsibilities
sadık kalmak	VERB	28	video|literature	Personality, Values & Behavior	honesty
salavat getirmek	VERB	28	meb|literature	History, Politics & Religion	religion
telefon etmek	VERB	28	meb|tubitak|video|literature	Science & Technology	telephone
tuzağa düşürmek	VERB	28	tubitak|video|literature	Education & Language	idioms
yanına bırakmamak	VERB	28	video|literature	Education & Language	idioms
yüz karası	NOUN	28	meb|saha|video|literature	Personality, Values & Behavior	morality
adını taşımak	VERB	27	meb|tubitak|video|literature	Education & Language	idioms
altın oran	NOUN	27	tubitak|video|literature	Work & Economy	financial concepts
anahtar kelime	NOUN	27	meb|video|literature	Education & Language	grammar
arap sabunu	NOUN	27	literature	Personal Care & Consumer Life	hygiene products
çekidüzen vermek	VERB	27	video|literature	Education & Language	idioms
elektrik düğmesi	NOUN	27	meb|tubitak|video|literature	Home & Domestic Life	home appliances
haber salmak	VERB	27	video|literature	Other	other
hayal kırıklığı	NOUN	27	meb|video|literature	Emotions & Mental Processes	emotions
ipek böcekçiliği	NOUN	27	saha|meb|video|tubitak|literature	Work & Economy	occupations
kaşla göz arasında	NA	27	meb|saha|tubitak|video|literature	Education & Language	idioms
kaza geçirmek	VERB	27	meb|saha|tubitak|video|literature	Transportation, Travel & Safety	traffic
konsantre olmak	VERB	27	meb|video|literature	Personality, Values & Behavior	self discipline
küçük dilini yutmak	VERB	27	meb|tubitak|video|literature	Education & Language	idioms
para etmek	VERB	27	video|literature	Work & Economy	financial concepts
protesto etmek	VERB	27	video|literature	Emotions & Mental Processes	anger
sergi açmak	VERB	27	meb|tubitak|video|literature	Arts, Media & Entertainment	performance
sırtını dönmek	VERB	27	meb|saha|tubitak|video|literature	Education & Language	idioms
sokak çocuğu	NOUN	27	meb|tubitak|video|literature	Other	other
su böreği	NOUN	27	video|literature	Food & Nutrition	dishes
teneffüs zili	NOUN	27	meb|tubitak|literature	Education & Language	school
üstüne yürümek	VERB	27	tubitak|video|literature	Violence & Conflict	violence
uyku tutmamak	VERB	27	meb|video|literature	Education & Language	idioms
zıt kutup	NOUN	27	tubitak|meb|video	Other	other
açık büfe	NOUN	26	saha|tubitak|video|literature	Food & Nutrition	food and drinks
ara sokak	NOUN	26	meb|saha|tubitak|video|literature	Places & Settlements	city
ayağa fırlamak	VERB	26	meb|literature	Other	other
bahse girmek	VERB	26	tubitak|video|literature	Other	other
bayram günü	NOUN	26	meb|saha|tubitak|video|literature	History, Politics & Religion	special days
bileğinin hakkıyla	NOUN	26	video|literature	Personality, Values & Behavior	diligence
bileşik kesir	NOUN	26	meb	Time, Numbers & Measurement	numbers
dar açı	NOUN	26	meb|tubitak|literature	Space, Shapes & Properties	geometrical shapes
devreye sokmak	VERB	26	meb|tubitak|video|literature	Education & Language	idioms
dizüstü bilgisayar	NOUN	26	meb|saha|tubitak|video|literature	Science & Technology	computer
geri adım atmak	VERB	26	meb|video|literature	Education & Language	idioms
gol olmak	VERB	26	tubitak|video|literature	Sports, Games & Recreation	sports
gözünü ayırmamak	VERB	26	meb|saha|tubitak|video|literature	Education & Language	idioms
hata etmek	VERB	26	meb|video|literature	Other	other
hesap vermek	VERB	26	video|literature	People & Relationships	responsibilities
içi gitmek	VERB	26	meb|tubitak|video|literature	Education & Language	idioms
içinden konuşmak	VERB	26	meb|tubitak|video|literature	Other	other
ilave etmek	VERB	26	meb|tubitak|video|literature	Other	other
kahve fincanı	NOUN	26	meb|tubitak|video|literature	Home & Domestic Life	kitchen utensils
kendini yemek	VERB	26	meb|saha|tubitak|video|literature	Education & Language	idioms
laf olmak	VERB	26	video|literature	Other	other
manasına gelmek	VERB	26	meb|video|literature	Other	other
ödü kopmak	VERB	26	video|literature	Emotions & Mental Processes	emotions
öncül olmak	VERB	26	meb|tubitak|video|literature	Other	other
şehit etmek	VERB	26	tubitak|meb|literature	Violence & Conflict	violence
temiz tutmak	VERB	26	meb|video	Personal Care & Consumer Life	personal care and hygiene
tepeden bakmak	VERB	26	meb|tubitak|video|literature	Education & Language	idioms
üst üste gelmek	VERB	26	meb|saha|tubitak|video|literature	Other	other
ad koymak	VERB	25	meb|saha|tubitak|video|literature	Education & Language	grammar
ağırdan almak	VERB	25	video|literature	Education & Language	idioms
başlangıç çizgisi	NOUN	25	tubitak|video	Time, Numbers & Measurement	units of measurement
galip gelmek	VERB	25	meb|tubitak|video|literature	Sports, Games & Recreation	sports
hakaret etmek	VERB	25	meb|saha|video|literature	Personality, Values & Behavior	bullying
istila etmek	VERB	25	tubitak|video|literature	Violence & Conflict	violence
karanlık oda	NOUN	25	meb|tubitak|video|literature	Home & Domestic Life	home
kendini kaptırmak	VERB	25	meb|tubitak|video|literature	Education & Language	idioms
kulağına gelmek	VERB	25	meb|saha|tubitak|video|literature	Education & Language	idioms
layık görmek	VERB	25	meb|tubitak|video|literature	Other	other
merak uyandırmak	VERB	25	tubitak|meb|literature	Emotions & Mental Processes	emotions
muhafaza etmek	VERB	25	meb|tubitak|video|literature	Other	other
ön plana çıkmak	VERB	25	tubitak|meb|video|literature	Education & Language	idioms
önüne katmak	VERB	25	meb|tubitak|literature	Other	other
rahat durmak	VERB	25	video|literature	Personality, Values & Behavior	self discipline
servis yapmak	VERB	25	meb|tubitak|video|literature	Other	other
şov yapmak	VERB	25	tubitak|video|literature	Arts, Media & Entertainment	performance
sözünde durmak	VERB	25	meb|saha|video|literature	Personality, Values & Behavior	morality
sürüden ayrılmak	VERB	25	tubitak|video|literature	Nature & Living Things	animals
tövbe etmek	VERB	25	meb|video|literature	Other	other
tüyleri diken diken olmak	VERB	25	meb|saha|tubitak|video|literature	Education & Language	idioms
alet edevat	NOUN	24	video|literature	Objects, Tools & Physical Things	tools
ana cadde	NOUN	24	meb|video|literature	Places & Settlements	city
bir deri bir kemik	NA	24	meb|saha|tubitak|video|literature	Education & Language	idioms
çamaşır suyu	NOUN	24	meb|tubitak|video|literature	Personal Care & Consumer Life	hygiene products
çamur banyosu	NOUN	24	tubitak|video	Other	other
can suyu	NOUN	24	meb|saha|tubitak|video|literature	Nature & Living Things	plants
dalları basmak	VERB	24	literature	Education & Language	idioms
derin uyku	NOUN	24	tubitak|video|literature	Other	other
devam ettirmek	VERB	24	meb|saha|tubitak|video|literature	Other	other
dikiz aynası	NOUN	24	meb|tubitak|video|literature	Transportation, Travel & Safety	vehicles
el sürmemek	VERB	24	meb|saha|tubitak|video|literature	Personality, Values & Behavior	self discipline
feda olmak	VERB	24	tubitak|meb|video|literature	Education & Language	idioms
göz göre göre	NA	24	literature	Education & Language	idioms
icabına bakmak	VERB	24	video|literature	Other	other
içine sinmek	VERB	24	saha|video|literature	Education & Language	idioms
içini dökmek	VERB	24	meb|tubitak|video|literature	Education & Language	idioms
kafa tutmak	VERB	24	meb|video|literature	Violence & Conflict	violence
kayıp vermek	VERB	24	meb|video|literature	Education & Language	idioms
kül olmak	VERB	24	meb|tubitak|video|literature	Other	other
kulağına inanmamak	VERB	24	tubitak|video|literature	Education & Language	idioms
lafı mı olur?	NA	24	meb|video|literature	Education & Language	idioms
masal gibi	NA	24	saha|tubitak|video|literature	Other	other
ödünç vermek	VERB	24	meb|saha|tubitak|video|literature	People & Relationships	sharing
ön yargı	NOUN	24	meb|tubitak|video|literature	Personality, Values & Behavior	morality
oyun bozmak	VERB	24	meb|saha|tubitak|video|literature	Education & Language	idioms
oyun dalmak	VERB	24	meb|video|literature	Other	other
pas vermek	VERB	24	tubitak|video|literature	Sports, Games & Recreation	sports
secde etmek	VERB	24	meb|literature	History, Politics & Religion	religion
sigara içmek	VERB	24	meb|saha|tubitak|literature	Other	other
sıcak sıcak	NOUN	24	meb|saha|tubitak|video|literature	Other	other
surat asmak	VERB	24	tubitak|video|literature	Education & Language	idioms
yüksek lisans	NOUN	24	meb|tubitak|video|literature	Education & Language	school
açık vermek	VERB	23	meb|video|literature	Education & Language	idioms
ağırlık vermek	VERB	23	tubitak|saha|video|literature	Education & Language	idioms
ana dil	NOUN	23	meb|tubitak|video|literature	Education & Language	grammar
aptal olmak	VERB	23	video|literature	Emotions & Mental Processes	intelligence and reasoning
arayı açmak	VERB	23	tubitak|video|literature	Other	other
bir deri bir kemik kalmak	VERB	23	meb|video|literature	Personality, Values & Behavior	appearance
çeyrek altın	NOUN	23	meb|saha|video|literature	Work & Economy	financial concepts
denk getirmek	VERB	23	tubitak|video|literature	Other	other
dilini tutmak	VERB	23	meb|video|literature	Personality, Values & Behavior	self discipline
diskalifiye olmak	VERB	23	video	Sports, Games & Recreation	sports
dış kapı	NOUN	23	meb|tubitak|video|literature	Home & Domestic Life	home
eziyet etmek	VERB	23	meb|video|literature	Personality, Values & Behavior	bullying
fiyat vermek	VERB	23	meb|video|literature	Work & Economy	financial concepts
geçmiş zaman	NOUN	23	meb|saha|tubitak|video|literature	Education & Language	grammar
güven duymak	VERB	23	tubitak|meb|video|literature	Emotions & Mental Processes	emotions
halı saha	NOUN	23	meb|saha|tubitak|video|literature	Sports, Games & Recreation	sports
karar varmak	VERB	23	meb|video|literature	Education & Language	idioms
kayıt altına almak	VERB	23	meb|saha|tubitak|video|literature	Other	other
kenara çekilmek	VERB	23	meb|tubitak|video|literature	Other	other
kendini toparlamak	VERB	23	meb|tubitak|video|literature	Personality, Values & Behavior	self discipline
kulak arkası etmek	VERB	23	tubitak|meb|video|literature	Education & Language	idioms
kulak tıkamak	VERB	23	tubitak|meb|video|literature	Education & Language	idioms
organize etmek	VERB	23	meb|tubitak|video|literature	Other	other
pas vermemek	VERB	23	tubitak|video|literature	Other	other
rapor vermek	VERB	23	tubitak|video|literature	People & Relationships	responsibilities
renk katmak	VERB	23	meb|tubitak|video|literature	Other	other
sanal ortam	NOUN	23	meb|tubitak|literature	Science & Technology	computer
sosyal etkinlik	NOUN	23	meb|tubitak	Other	other
şüphe etmek	VERB	23	meb|video|literature	Other	other
suyuna gitmek	VERB	23	meb|tubitak|video|literature	Education & Language	idioms
tek yön	NOUN	23	meb|tubitak|video|literature	Transportation, Travel & Safety	traffic
Yeniçeri Ocağı	PROPN	23	video|literature	History, Politics & Religion	history
arka sokak	NOUN	22	meb|video|literature	Places & Settlements	city
çöpe gitmek	VERB	22	meb|tubitak|video|literature	Other	other
damga vurmak	VERB	22	tubitak|video|literature	Education & Language	idioms
dil bilgisi	NOUN	22	meb|saha|tubitak|video|literature	Education & Language	grammar
elini cebine atmamak	VERB	22	meb|tubitak|video|literature	Education & Language	idioms
ev işi	NOUN	22	meb|saha|tubitak|video|literature	Home & Domestic Life	home
haberdar etmek	VERB	22	meb|tubitak|video|literature	Other	other
horul horul	NOUN	22	meb|tubitak|video|literature	Sound & Communication Phenomena	sounds
iç dünya	NOUN	22	meb|tubitak|video|literature	Personality, Values & Behavior	self discipline
içi rahat etmek	VERB	22	meb|saha|tubitak|video|literature	Other	other
içini ısıtmak	VERB	22	meb|tubitak|video|literature	Other	other
kabul görmek	VERB	22	meb|tubitak|video|literature	Education & Language	idioms
karşı karşıya olmak	VERB	22	meb|saha|tubitak|video|literature	Other	other
kontrol altında tutmak	VERB	22	tubitak|video|literature	Personality, Values & Behavior	behavior
kucak açmak	VERB	22	meb|tubitak|video|literature	Personality, Values & Behavior	love
kulağına küpe etmek	VERB	22	tubitak|meb|video|literature	Education & Language	idioms
makine gibi	NA	22	meb|saha|tubitak|video|literature	Other	other
ödü patlamak	VERB	22	tubitak|video|literature	Other	other
pi sayısı	NOUN	22	tubitak|literature	Time, Numbers & Measurement	numbers
risk almak	VERB	22	meb|saha|tubitak|video|literature	Other	other
sabrı taşmak	VERB	22	literature	Personality, Values & Behavior	patience
selam olsun	NA	22	meb|video|literature	Other	other
sevk etmek	VERB	22	meb|tubitak|video|literature	Other	other
son noktayı koymak	VERB	22	meb|tubitak|video|literature	Education & Language	idioms
sosyal ilişki	NOUN	22	meb|saha|tubitak|video|literature	Other	other
teessüf etmek	VERB	22	video	Emotions & Mental Processes	emotions
tepki göstermek	VERB	22	meb|tubitak|video|literature	Education & Language	idioms
yanıp tutuşmak	VERB	22	tubitak|video|literature	Emotions & Mental Processes	emotions
yenik düşmek	VERB	22	meb|tubitak|video|literature	Education & Language	idioms
yer etmek	VERB	22	meb|saha|tubitak|video|literature	Other	other
zamanı dolmak	VERB	22	meb|tubitak|video|literature	Time, Numbers & Measurement	time
akıl vermek	VERB	21	video|literature	Emotions & Mental Processes	intelligence and reasoning
altüst olmak	VERB	21	meb|video|literature	Education & Language	idioms
ayrım yapmak	VERB	21	meb|tubitak|literature	Other	other
başarı kazanmak	VERB	21	meb|tubitak|video|literature	Personality, Values & Behavior	diligence
bel bağlamak	VERB	21	video|literature	Education & Language	idioms
burun buruna gelmek	VERB	21	meb|tubitak|video|literature	Education & Language	idioms
cuma namazı	NOUN	21	meb|video|literature	History, Politics & Religion	religion
deli olmak	VERB	21	meb|video|literature	Other	other
dere yatağı	NOUN	21	meb|tubitak|video|literature	Earth, Geography & Natural Phenomena	geographical features
ev hanımı	NOUN	21	meb|saha|video|literature	Home & Domestic Life	home
gözleri yaşarmak	VERB	21	meb|tubitak|video|literature	Emotions & Mental Processes	emotions
gözyaşı dökmek	VERB	21	tubitak|meb|video|literature	Education & Language	idioms
hiçe saymak	VERB	21	tubitak|video|literature	Other	other
içine ateş düşmek	VERB	21	tubitak|meb|video|literature	Education & Language	idioms
ima etmek	VERB	21	video|literature	Other	other
jimnastik yapmak	VERB	21	meb|saha|tubitak|video|literature	Sports, Games & Recreation	sports
kafasını kullanmak	VERB	21	video|literature	Emotions & Mental Processes	intelligence and reasoning
karnı zil çalmak	VERB	21	meb|tubitak|video|literature	Education & Language	idioms
küçük düşürmek	VERB	21	meb|saha|tubitak|video|literature	Personality, Values & Behavior	bullying
kul olmak	VERB	21	meb|video|literature	History, Politics & Religion	religion
meydana çıkmak	VERB	21	tubitak|video|literature	Other	other
nasibini almak	VERB	21	video|literature	Other	other
on parmağında on marifet	NA	21	meb|tubitak|video|literature	Education & Language	idioms
ortalık karışmak	VERB	21	tubitak|video|literature	Violence & Conflict	violence
paçaları sıvamak	VERB	21	video|literature	Education & Language	idioms
taraf tutmak	VERB	21	meb|saha|tubitak|video|literature	Education & Language	idioms
terliksi hayvan	NOUN	21	tubitak|video	Nature & Living Things	animals
Truva atı	PROPN	21	meb|tubitak|video|literature	Other	other
yara açmak	VERB	21	tubitak|meb|video|literature	Education & Language	idioms
yara almak	VERB	21	tubitak|meb|video|literature	Other	other
yatılı okul	NOUN	21	tubitak|video|literature	Education & Language	school
yolunda gitmek	VERB	21	meb|saha|tubitak|video|literature	Other	other
zincir vurmak	VERB	21	meb|video|literature	Education & Language	idioms
zincire vurmak	VERB	21	meb|video|literature	Violence & Conflict	violence
canına rahmet	NA	20	saha|video|literature	Education & Language	idioms
çeşitkenar üçgen	NOUN	20	meb|tubitak	Space, Shapes & Properties	geometrical shapes
cirit atmak	VERB	20	meb|tubitak|video|literature	Other	other
dişini sıkmak	VERB	20	meb|tubitak|video|literature	Personality, Values & Behavior	self discipline
dört dönmek	VERB	20	video|literature	Education & Language	idioms
fırtına gibi	NA	20	tubitak|video|literature	Other	other
garanti belgesi	NOUN	20	meb	Personal Care & Consumer Life	shopping
kafa sallamak	VERB	20	video|literature	Other	other
küçük görmek	VERB	20	meb|tubitak|video|literature	Personality, Values & Behavior	bullying
kulak kabartmak	VERB	20	tubitak|literature	Other	other
millî değer	NOUN	20	meb|literature	People & Relationships	culture and society
namaz vakti	NOUN	20	meb|video|literature	History, Politics & Religion	religion
omuz atmak	VERB	20	tubitak|literature	Other	other
perişan olmak	VERB	20	video|literature	Emotions & Mental Processes	emotions
şansı yaver gitmek	VERB	20	meb|video|literature	Education & Language	idioms
şehit edilmek	VERB	20	meb|tubitak|literature	Other	other
ses etmek	VERB	20	video|literature	Other	other
sıkı tutmak	VERB	20	tubitak|video|literature	Other	other
tat vermek	VERB	20	meb|tubitak|video|literature	Food & Nutrition	food and drinks
temel atmak	VERB	20	meb|tubitak|video|literature	Other	other
ters ters bakmak	VERB	20	tubitak|video|literature	Emotions & Mental Processes	anger
tükenmez kalem	NOUN	20	meb|tubitak|video	Education & Language	educational materials
ümit etmek	VERB	20	meb|tubitak|literature	Emotions & Mental Processes	emotions
uygun bulmak	VERB	20	meb|saha|tubitak|video|literature	Other	other
uzak görmek	VERB	20	meb|tubitak|video|literature	Other	other
yan gelip oturmak	VERB	20	tubitak|meb|literature	Education & Language	idioms
zemin katı	NOUN	20	saha|meb|video|tubitak|literature	Places & Settlements	places
aklına getirmek	VERB	19	meb|tubitak|video|literature	Emotions & Mental Processes	intelligence and reasoning
alt geçit	NOUN	19	meb|saha|tubitak|video|literature	Transportation, Travel & Safety	traffic
altüst etmek	VERB	19	tubitak|video|literature	Education & Language	idioms
arz etmek	VERB	19	meb|tubitak|video|literature	People & Relationships	sharing
ayçiçeği yağı	NOUN	19	tubitak|saha|meb|video	Food & Nutrition	food and drinks
başını çıkarmak	VERB	19	meb|tubitak|video|literature	Other	other
biçim vermek	VERB	19	meb|tubitak|literature	Arts, Media & Entertainment	design
biyolojik saat	NOUN	19	meb|tubitak|video|literature	Time, Numbers & Measurement	time
bundan böyle	NOUN	19	saha|video|literature	Time, Numbers & Measurement	time
çenesini kapatmak	VERB	19	video|literature	Other	other
cennet gibi	NA	19	meb|tubitak|video|literature	Other	other
duman olmak	VERB	19	saha|video|literature	Other	other
görüş almak	VERB	19	tubitak|meb	Other	other
gözünün önüne getirmek	VERB	19	tubitak|literature	Education & Language	idioms
guguk kuşu	NOUN	19	saha|meb|video|tubitak|literature	Nature & Living Things	animals
hâlden anlamak	VERB	19	tubitak|literature	Other	other
hiç mi hiç	NOUN	19	meb|saha|tubitak|video|literature	Other	other
hipnotize etmek	VERB	19	video|literature	Other	other
içi ısınmak	VERB	19	meb|tubitak|video|literature	Other	other
iştah açmak	VERB	19	meb|tubitak|video|literature	Food & Nutrition	food and drinks
kapana kısılmak	VERB	19	video|literature	Other	other
karara varmak	VERB	19	meb|video|literature	Other	other
kendini toplamak	VERB	19	meb|saha|tubitak|video|literature	Education & Language	idioms
keyfini kaçırmak	VERB	19	tubitak|video|literature	Education & Language	idioms
kulak tutmak	VERB	19	video|literature	Education & Language	idioms
pusuya yatmak	VERB	19	meb|tubitak|video|literature	Transportation, Travel & Safety	safety rules
sinyal vermek	VERB	19	meb|tubitak|video|literature	Transportation, Travel & Safety	traffic
sınıfta kalmak	VERB	19	tubitak|video|literature	Education & Language	idioms
tanıtım yapmak	VERB	19	tubitak|meb|literature	Other	other
telgraf çekmek	VERB	19	meb|video|literature	Other	other
topa tutmak	VERB	19	meb|tubitak|video|literature	Education & Language	idioms
Türk kahvesi	NOUN	19	video|meb|tubitak|saha|literature	Food & Nutrition	beverages
ucuz atlatmak	VERB	19	tubitak|video|literature	Education & Language	idioms
ümit kesmek	VERB	19	meb|video|literature	Education & Language	idioms
utanç verici	NOUNJ	19	video|literature	Emotions & Mental Processes	emotions
yarı final	NOUN	19	tubitak|video|literature	Sports, Games & Recreation	sports
acil servis	NOUN	18	meb|tubitak|video|literature	Health & Medicine	hospital
açık kapı bırakmak	VERB	18	meb|tubitak|video|literature	Education & Language	idioms
Adana kebabı	NOUN	18	meb|saha|video	Food & Nutrition	dishes
akıl küpü	NOUN	18	video|literature	Education & Language	idioms
baba tarafı	NOUN	18	meb|saha|tubitak|video|literature	People & Relationships	kinship
bereket versin	NA	18	meb|video|literature	Education & Language	fixed expressions
beyni bulanmak	VERB	18	tubitak|video|literature	Education & Language	idioms
çamur gibi	NA	18	meb|tubitak|video|literature	Personality, Values & Behavior	appearance
canı kalmak	VERB	18	saha|video|literature	Education & Language	idioms
çığır açmak	VERB	18	meb|tubitak|video|literature	Education & Language	idioms
çocuk kalmak	VERB	18	meb|tubitak|video|literature	Other	other
dünya kadar	NOUNJ	18	meb|tubitak|video|literature	Other	other
elden çıkmak	VERB	18	video|literature	Education & Language	idioms
faaliyet göstermek	VERB	18	meb|tubitak|literature	Other	other
felç etmek	VERB	18	tubitak|video|literature	Other	other
gıcır gıcır	NOUNJ	18	meb|video|literature	Personality, Values & Behavior	appearance
gol yemek	VERB	18	video|literature	Sports, Games & Recreation	sports
gözden çıkarmak	VERB	18	meb|video|literature	Education & Language	idioms
gözlerinin içi gülmek	VERB	18	meb|tubitak|video|literature	Education & Language	idioms
iç çamaşırı	NOUN	18	meb|saha|tubitak|video|literature	Personal Care & Consumer Life	clothing
ileri çıkmak	VERB	18	tubitak|video|literature	Space, Shapes & Properties	directions
izlenim vermek	VERB	18	tubitak|literature	Other	other
ıslak mendil	NOUN	18	meb|saha|tubitak|video|literature	Personal Care & Consumer Life	hygiene products
kadrini anlamak	VERB	18	tubitak|video|literature	Education & Language	idioms
kafa patlatmak	VERB	18	tubitak|video|literature	Education & Language	idioms
kâğıt helva	NOUN	18	video|literature	Food & Nutrition	food and drinks
kahve makinesi	NOUN	18	meb|saha|tubitak|video|literature	Home & Domestic Life	kitchen utensils
layık olmak	VERB	18	meb|video|literature	Other	other
mahrum kalmak	VERB	18	meb|tubitak|video|literature	Other	other
makas almak	VERB	18	meb|video|literature	Education & Language	idioms
meşhur olmak	VERB	18	meb|video|literature	Other	other
mobil uygulama	NOUN	18	tubitak|meb|video	Science & Technology	information technologies
moda olmak	VERB	18	tubitak|video|literature	Other	other
not düşmek	VERB	18	meb|video|literature	Other	other
not tutmak	VERB	18	meb|tubitak|video|literature	Education & Language	lesson
oh olsun!	NA	18	video|literature	Sound & Communication Phenomena	sounds
ölçü almak	VERB	18	meb|saha|tubitak|video|literature	Time, Numbers & Measurement	units of measurement
öpücük kondurmak	VERB	18	meb|video|literature	Personality, Values & Behavior	love
reklam yapmak	VERB	18	meb|tubitak|video|literature	Personal Care & Consumer Life	shopping
sabahın körü	NOUN	18	video|literature	Time, Numbers & Measurement	time
trip atmak	VERB	18	video|literature	Education & Language	idioms
turp gibi	NA	18	meb|tubitak|video|literature	Education & Language	idioms
üstüne yatmak	VERB	18	meb|saha|tubitak|video|literature	Other	other
yatırım yapmak	VERB	18	meb|tubitak|video|literature	Work & Economy	financial concepts
yok saymak	VERB	18	meb|tubitak|video|literature	Other	other
yüzünden okumak	VERB	18	meb|tubitak|video|literature	Education & Language	idioms
zam gelmek	VERB	18	meb|saha|video|literature	Work & Economy	financial concepts
ziyan olmak	VERB	18	video|literature	Other	other
akrilik boya	NOUN	17	saha|tubitak|video|literature	Space, Shapes & Properties	colors
anlaşmaya varmak	VERB	17	meb|video|literature	Education & Language	idioms
azat etmek	VERB	17	literature	Personality, Values & Behavior	forgiveness
bağ bahçe	NOUN	17	meb|video|literature	Nature & Living Things	plants
çaresiz kalmak	VERB	17	meb|video|literature	Emotions & Mental Processes	emotions
cellat gibi	NA	17	video|literature	Education & Language	idioms
çilek reçeli	NOUN	17	meb|tubitak|literature	Food & Nutrition	food and drinks
devre dışı bırakmak	VERB	17	meb|tubitak|video|literature	Education & Language	idioms
dut yemiş bülbüle dönmek	VERB	17	video|literature	Education & Language	idioms
eşek şakası	NOUN	17	video|literature	Personality, Values & Behavior	behavior
freni tutmamak	VERB	17	video|literature	Transportation, Travel & Safety	traffic
gayret göstermek	VERB	17	tubitak|meb|literature	Personality, Values & Behavior	diligence
Gregoryen takvimi	NOUN	17	tubitak	Time, Numbers & Measurement	calendar
hapı yutmak	VERB	17	video|literature	Education & Language	idioms
içi cız etmek	VERB	17	tubitak|literature	Emotions & Mental Processes	emotions
imal etmek	VERB	17	meb|tubitak|video|literature	Other	other
imdadına yetişmek	VERB	17	tubitak|video|literature	Education & Language	idioms
ipe dizmek	VERB	17	meb|tubitak|video|literature	Personal Care & Consumer Life	clothing
ipe un sermek	VERB	17	meb|tubitak|literature	Education & Language	idioms
işkence yapmak	VERB	17	video|literature	Violence & Conflict	violence
keyfine bakmak	VERB	17	video|literature	Other	other
kulaklarını dikmek	VERB	17	tubitak|literature	Education & Language	idioms
laf aramızda	NA	17	tubitak|video|literature	Education & Language	idioms
mavi boncuk	NOUN	17	meb|tubitak|video|literature	Other	other
motorlu araç	NOUN	17	tubitak|meb|video|literature	Transportation, Travel & Safety	vehicles
ortada bırakmak	VERB	17	meb|tubitak|video|literature	Education & Language	idioms
oyun kurmak	VERB	17	meb|saha|tubitak|video|literature	Other	other
rayına oturmak	VERB	17	video|literature	Education & Language	idioms
sarı ışık	NOUN	17	tubitak|meb|video|literature	Transportation, Travel & Safety	traffic
satış yapmak	VERB	17	meb|tubitak|video|literature	Personal Care & Consumer Life	shopping
sünnet düğünü	NOUN	17	meb|tubitak|literature	History, Politics & Religion	special days
tatmin etmek	VERB	17	meb|tubitak|video|literature	Other	other
telef olmak	VERB	17	video|literature	Education & Language	idioms
ucu bucağı olmamak	VERB	17	video	Education & Language	idioms
ucunu kaçırmak	VERB	17	video|literature	Education & Language	idioms
ufuk çizgisi	NOUN	17	meb|tubitak|video|literature	Earth, Geography & Natural Phenomena	geographical features
var etmek	VERB	17	meb|video|literature	Other	other
yatıp kalkmak	VERB	17	tubitak|video|literature	Education & Language	idioms
ağır çekim	NOUN	16	tubitak|video|literature	Arts, Media & Entertainment	cinema
ağzı kulaklarına varmak	VERB	16	meb|saha|tubitak|video|literature	Education & Language	idioms
altın çağ	NOUN	16	tubitak|video|literature	Other	other
Antep fıstığı	NOUN	16	meb|saha|tubitak|video|literature	Food & Nutrition	fruits
arasını bozmak	VERB	16	saha|meb|video|tubitak|literature	Education & Language	idioms
ayağını yorganına göre uzatmak	VERB	16	meb|video|literature	Education & Language	idioms
başarı göstermek	VERB	16	meb|tubitak|literature	Personality, Values & Behavior	diligence
başına güneş geçmek	VERB	16	meb|saha|tubitak|video|literature	Health & Medicine	diseases
benzin istasyonu	NOUN	16	meb|tubitak|video|literature	Places & Settlements	places
borçlu olmak	VERB	16	tubitak|meb|video|literature	Work & Economy	financial concepts
boy atmak	VERB	16	meb|tubitak|video|literature	Health & Medicine	body
can kalmamak	VERB	16	saha|video|literature	Education & Language	idioms
çene çalmak	VERB	16	video|literature	Education & Language	idioms
ceza kesmek	VERB	16	meb|video|literature	Education & Language	idioms
daldan dala konmak	VERB	16	meb|saha|tubitak|video|literature	Education & Language	idioms
diş göstermek	VERB	16	meb|tubitak|video|literature	Personality, Values & Behavior	bullying
ele avuca sığmamak	VERB	16	meb|tubitak|video|literature	Education & Language	idioms
endişe duymak	VERB	16	meb|video|literature	Emotions & Mental Processes	emotions
fayda etmek	VERB	16	meb|video|literature	Other	other
firar etmek	VERB	16	video|literature	Other	other
gönderme yapmak	VERB	16	tubitak|video|literature	Education & Language	idioms
göz ardı etmek	VERB	16	meb|saha|tubitak|video|literature	Other	other
göz önünde tutmak	VERB	16	tubitak|video|literature	Education & Language	idioms
hizaya gelmek	VERB	16	tubitak|video|literature	Education & Language	idioms
iflas etmek	VERB	16	meb|video|literature	Work & Economy	financial concepts
iğne vurmak	VERB	16	saha|meb|video|tubitak|literature	Health & Medicine	medicine
iltifat etmek	VERB	16	meb|video|literature	Other	other
ipi çözmek	VERB	16	meb|tubitak|video|literature	Education & Language	idioms
kan dökmek	VERB	16	meb|video|literature	Violence & Conflict	violence
kelimenin tam anlamıyla	NA	16	meb|tubitak|video|literature	Other	other
krem peynir	NOUN	16	tubitak|saha|video|literature	Food & Nutrition	food and drinks
kulağına gitmek	VERB	16	tubitak|video|literature	Education & Language	idioms
küresel ısınma	NOUN	16	saha|tubitak|video|literature	Earth, Geography & Natural Phenomena	natural phenomena
kurt ağzı bağlamak	VERB	16	tubitak|literature	Education & Language	idioms
laf yok!	NA	16	video	Other	other
lafı uzatmak	VERB	16	tubitak|video|literature	Education & Language	idioms
lamba açmak	VERB	16	meb|tubitak|video|literature	Other	other
lazım gelmek	VERB	16	video|literature	Other	other
mecbur kalmak	VERB	16	meb|video|literature	Other	other
monte etmek	VERB	16	meb|saha|tubitak|video|literature	Other	other
perde çekmek	VERB	16	meb|video|literature	Other	other
ricada bulunmak	VERB	16	video|literature	Education & Language	idioms
söz çıkmak	VERB	16	meb|tubitak|video|literature	Education & Language	idioms
söz konusu edilmek	VERB	16	tubitak|meb|literature	Education & Language	idioms
tahammül etmek	VERB	16	video|literature	Personality, Values & Behavior	patience
tatil etmek	VERB	16	meb|video|literature	Personal Care & Consumer Life	vacation
tekbir getirmek	VERB	16	meb|literature	History, Politics & Religion	religion
teşkil etmek	VERB	16	meb|video|literature	Other	other
tıraş olmak	VERB	16	meb|tubitak|video|literature	Other	other
toplu iğne	NOUN	16	tubitak|meb	Personal Care & Consumer Life	accessories
turşu kurmak	VERB	16	meb|tubitak|video|literature	Food & Nutrition	dishes
ucuz kurtulmak	VERB	16	meb|video|literature	Education & Language	idioms
yerinde saymak	VERB	16	meb|tubitak|video|literature	Education & Language	idioms
yıldızı parlamak	VERB	16	tubitak|video|literature	Education & Language	idioms
yüreği ağzına gelmek	VERB	16	meb|tubitak|video|literature	Education & Language	idioms
ağırlığını koymak	VERB	15	tubitak|meb|video|literature	Education & Language	idioms
aklına koymak	VERB	15	meb|tubitak|video|literature	Education & Language	idioms
ameliyat olmak	VERB	15	saha|tubitak|literature	Health & Medicine	medicine
ay yıldızlı	NOUNJ	15	meb|video|literature	Other	other
beyaz et	NOUN	15	tubitak|meb|video|literature	Food & Nutrition	dishes
çevre yolu	NOUN	15	meb|tubitak|video	Transportation, Travel & Safety	traffic
cezasını bulmak	VERB	15	video|literature	Education & Language	idioms
dil çıkarmak	VERB	15	meb|tubitak|video|literature	Personality, Values & Behavior	bullying
elma suyu	NOUN	15	meb|saha|tubitak|video|literature	Food & Nutrition	beverages
fark atmak	VERB	15	video|literature	Other	other
gaza getirmek	VERB	15	video|literature	Education & Language	idioms
gazlı bez	NOUN	15	tubitak|meb	Health & Medicine	medicine
gönül vermek	VERB	15	meb|tubitak|video|literature	Personality, Values & Behavior	love
gözüne uyku girmemek	VERB	15	meb|saha|tubitak|video|literature	Education & Language	idioms
gözünü korkutmak	VERB	15	tubitak|meb|video|literature	Education & Language	idioms
hesap açmak	VERB	15	tubitak|video|literature	Work & Economy	financial concepts
hoş görmek	VERB	15	meb|video|literature	Personality, Values & Behavior	tolerance
içeri atmak	VERB	15	meb|video|literature	Education & Language	idioms
içine işlemek	VERB	15	tubitak|meb|literature	Education & Language	idioms
içine oturmak	VERB	15	meb|tubitak|video|literature	Education & Language	idioms
ipin ucunu kaçırmak	VERB	15	video|literature	Education & Language	idioms
işi temizlemek	VERB	15	saha|meb|video|tubitak|literature	Education & Language	idioms
işi yoluna koymak	VERB	15	meb|tubitak|video|literature	Other	other
istifini bozmamak	VERB	15	tubitak|video|literature	Education & Language	idioms
kaptan köşkü	NOUN	15	tubitak|video|literature	Earth, Geography & Natural Phenomena	sea
kemik gibi	NA	15	meb|tubitak|video	Personality, Values & Behavior	appearance
keyif vermek	VERB	15	meb|tubitak|video|literature	Education & Language	idioms
kıyamet kopmak	VERB	15	meb|video|literature	Education & Language	idioms
köşe bucak	NOUN	15	tubitak|video|literature	Nature & Living Things	environment
kulağı dikilmek	VERB	15	tubitak|literature	Education & Language	idioms
kulağına küpe olmak	VERB	15	tubitak|video|literature	Education & Language	idioms
lakap takmak	VERB	15	meb|literature	Personality, Values & Behavior	bullying
mahalle muhtarı	NOUN	15	tubitak|meb|video|literature	Work & Economy	occupations
mars olmak	VERB	15	tubitak	Education & Language	idioms
mesafe bırakmak	VERB	15	tubitak|meb|video|literature	Education & Language	idioms
murada ermek	VERB	15	video|literature	Other	other
numara çevirmek	VERB	15	meb|video|literature	Education & Language	idioms
öç almak	VERB	15	video|literature	Education & Language	idioms
orman gibi	NA	15	meb|saha|tubitak|video|literature	Other	other
özgü olmak	VERB	15	meb|tubitak|video|literature	Other	other
özlü söz	NOUN	15	meb|video|literature	Personality, Values & Behavior	behavior
para basmak	VERB	15	tubitak|saha|video|literature	Work & Economy	financial concepts
para çekmek	VERB	15	meb|saha|tubitak|video|literature	Work & Economy	financial concepts
parmak basmak	VERB	15	tubitak|video|literature	Education & Language	idioms
radyo yayını	NOUN	15	tubitak|video	Arts, Media & Entertainment	media
rafa kaldırmak	VERB	15	tubitak|video|literature	Other	other
rahatına bakmak	VERB	15	meb|tubitak|video|literature	Education & Language	idioms
sahne olmak	VERB	15	tubitak|video|literature	Education & Language	idioms
şakası yok	NA	15	video|literature	Other	other
seferber olmak	VERB	15	meb|tubitak|video|literature	People & Relationships	responsibilities
selam durmak	VERB	15	meb|video|literature	Personality, Values & Behavior	ethical values
ses getirmek	VERB	15	tubitak|literature	Education & Language	idioms
ses kesilmek	VERB	15	meb|tubitak|video|literature	Other	other
siyasi harita	NOUN	15	meb|tubitak	Places & Settlements	countries
sorguya çekmek	VERB	15	video|literature	Transportation, Travel & Safety	safety rules
sorumluluk almak	VERB	15	meb|video	People & Relationships	responsibilities
söz sahibi olmak	VERB	15	tubitak|meb|literature	Education & Language	idioms
şu bu	PRON	15	meb|saha|video|literature	Education & Language	grammar
sürücü kursu	NOUN	15	meb|video|literature	Transportation, Travel & Safety	traffic rules
tanı koymak	VERB	15	tubitak	Health & Medicine	diseases
taş kömürü	NOUN	15	meb	Science & Technology	energy resources
tetikte olmak	VERB	15	tubitak|video|literature	Other	other
transfer olmak	VERB	15	tubitak|meb|video|literature	Other	other
tuttuğunu koparmak	VERB	15	tubitak|video|literature	Education & Language	idioms
varlık göstermek	VERB	15	meb|tubitak|literature	Other	other
ziyan etmek	VERB	15	video|literature	Other	other
zınk diye durmak	VERB	15	video|literature	Other	other
açıklama yapmak	VERB	14	tubitak|meb|video|literature	Other	other
ağzında bakla ıslanmamak	VERB	14	video|literature	Education & Language	idioms
aile fotoğrafı	NOUN	14	tubitak|meb|video|literature	People & Relationships	family
Allah kahretsin	NA	14	video|literature	Education & Language	idioms
aslan parçası	NOUN	14	video|literature	Personality, Values & Behavior	love
avucunu yalamak	VERB	14	video|literature	Education & Language	idioms
bahane etmek	VERB	14	meb|video|literature	Other	other
baş başa vermek	VERB	14	meb|saha|tubitak|video|literature	Education & Language	idioms
bayram namazı	NOUN	14	meb|video|literature	History, Politics & Religion	religious holidays
boca etmek	VERB	14	video|literature	Education & Language	idioms
boy ölçüşmek	VERB	14	tubitak|meb|video|literature	Education & Language	idioms
bulaşık süngeri	NOUN	14	saha|meb|video|literature	Home & Domestic Life	kitchen utensils
canavar gibi	NA	14	tubitak|video|literature	Education & Language	idioms
çetin ceviz	NOUN	14	video|literature	Other	other
demir atmak	VERB	14	tubitak|video|literature	Earth, Geography & Natural Phenomena	sea
dilden dile dolaşmak	VERB	14	tubitak|meb|video|literature	Education & Language	idioms
diyet yapmak	VERB	14	video|literature	Health & Medicine	body
düzenli ordu	NOUN	14	meb|literature	Places & Settlements	countries
feryat etmek	VERB	14	literature	Sound & Communication Phenomena	sounds
finale kalmak	VERB	14	tubitak|video|literature	Sports, Games & Recreation	sports
göz önüne almak	VERB	14	tubitak|meb|video|literature	Education & Language	idioms
hasret gidermek	VERB	14	meb|video|literature	Emotions & Mental Processes	emotions
ibaret olmak	VERB	14	meb|video|literature	Other	other
içi dışı bir	NOUNJ	14	meb|saha|tubitak|video|literature	Education & Language	idioms
içi parçalanmak	VERB	14	tubitak|video|literature	Education & Language	idioms
içine doğmak	VERB	14	meb|tubitak|video|literature	Education & Language	idioms
ihbar etmek	VERB	14	video|literature	People & Relationships	responsibilities
istifade etmek	VERB	14	video|literature	Education & Language	idioms
Japon balığı	NOUN	14	video|meb|tubitak|saha|literature	Nature & Living Things	animals
kabuğunu kırmak	VERB	14	tubitak|video|literature	Education & Language	idioms
kalbi yerinden fırlamak	VERB	14	tubitak|video|literature	Emotions & Mental Processes	emotions
kılıç sallamak	VERB	14	literature	Violence & Conflict	violence
kına gecesi	NOUN	14	meb|saha	History, Politics & Religion	special days
kısa kesmek	VERB	14	meb|tubitak|video|literature	Education & Language	idioms
kulak kesilmek	VERB	14	meb|tubitak|literature	Education & Language	idioms
mağlup olmak	VERB	14	video|literature	Other	other
merakta bırakmak	VERB	14	video|literature	Emotions & Mental Processes	emotions
oflayıp puflamak	VERB	14	video|literature	Education & Language	idioms
olay çıkarmak	VERB	14	saha|video|literature	Violence & Conflict	violence
omuz vermek	VERB	14	video|literature	Personality, Values & Behavior	helpfulness
onur duymak	VERB	14	meb|video|literature	Education & Language	idioms
örtbas etmek	VERB	14	video|literature	Education & Language	idioms
paniğe kapılmak	VERB	14	meb|tubitak|video|literature	Education & Language	idioms
payını almak	VERB	14	meb|saha|tubitak|video|literature	Other	other
perişan etmek	VERB	14	video|literature	Violence & Conflict	violence
pireyi deve yapmak	VERB	14	video|literature	Education & Language	idioms
piyasaya sürmek	VERB	14	tubitak|video	Work & Economy	production
pusu kurmak	VERB	14	tubitak|video|literature	Violence & Conflict	violence
sarpa sarmak	VERB	14	video|literature	Education & Language	idioms
savaş açmak	VERB	14	tubitak|video|literature	Violence & Conflict	violence
sitem etmek	VERB	14	video|literature	Other	other
sıcak bakmak	VERB	14	video|literature	Education & Language	idioms
soğuk algınlığı	NOUN	14	meb|tubitak|video|literature	Health & Medicine	diseases
soluk soluğa kalmak	VERB	14	tubitak|literature	Education & Language	idioms
son nefesini vermek	VERB	14	video|literature	Education & Language	idioms
sosyal hayat	NOUN	14	meb|tubitak|literature	Other	other
suyu ısınmak	VERB	14	meb|saha|tubitak|video|literature	Education & Language	idioms
tabana kuvvet	NA	14	video|literature	Education & Language	idioms
tahrip etmek	VERB	14	meb|literature	Violence & Conflict	violence
tatlıya bağlamak	VERB	14	meb|video|literature	Education & Language	idioms
tel çekmek	VERB	14	tubitak|meb|literature	Education & Language	idioms
umut vermek	VERB	14	tubitak|video|literature	Other	other
vakit almak	VERB	14	video|literature	Education & Language	idioms
yabana atmak	VERB	14	tubitak|video|literature	Education & Language	idioms
yalancının mumu yatsıya kadar yanar	NA	14	saha|tubitak|literature	Education & Language	proverbs
yan tutmak	VERB	14	meb|tubitak|video|literature	Other	other
yaş pasta	NOUN	14	meb|tubitak|video|literature	Food & Nutrition	dishes
yenilenebilir enerji	NOUN	14	tubitak|video	Science & Technology	energy resources
yer yerinden oynamak	VERB	14	literature	Education & Language	idioms
yırtıcı kuş	NOUN	14	tubitak|video|literature	Nature & Living Things	animals
yörüngeye oturmak	VERB	14	tubitak|video|literature	Education & Language	idioms
yüz yüze gelmek	VERB	14	video|literature	Education & Language	idioms
zerre kadar	NOUN	14	video|literature	Other	other
zihin açıklığı	VERB	14	meb|video|literature	Other	other
ağır basmak	VERB	13	tubitak|literature	Education & Language	idioms
ağzını aramak	VERB	13	tubitak|literature	Education & Language	idioms
aklı başından gitmek	VERB	13	literature	Emotions & Mental Processes	intelligence and reasoning
anca beraber kanca beraber	NA	13	video|literature	Education & Language	idioms
ateşe vermek	VERB	13	video|literature	Violence & Conflict	violence
baltayı taşa vurmak	VERB	13	literature	Education & Language	idioms
çan çalmak	VERB	13	tubitak|video|literature	History, Politics & Religion	religion
canı çekilmek	VERB	13	video	Education & Language	idioms
casus yazılım	NOUN	13	tubitak|video|literature	Science & Technology	computer
çengelli iğne	NOUN	13	meb|tubitak	Home & Domestic Life	home appliances
cüret etmek	VERB	13	video|literature	Other	other
dayak yemek	VERB	13	video|literature	Violence & Conflict	violence
dikkatli olmak	VERB	13	meb|tubitak|video|literature	Other	other
es geçmek	VERB	13	video|literature	Education & Language	idioms
etken madde	NOUN	13	meb|tubitak	Health & Medicine	medicine
fikir edinmek	VERB	13	tubitak|video|literature	Education & Language	idioms
formül bulmak	VERB	13	meb|tubitak|video|literature	Other	other
geri tepmek	VERB	13	tubitak|video|literature	Education & Language	idioms
göğüs germek	VERB	13	meb|tubitak|video|literature	Other	other
göz gözü görmemek	VERB	13	meb|saha|tubitak|video|literature	Education & Language	idioms
gözünde tütmek	VERB	13	meb|literature	Emotions & Mental Processes	emotions
gününü gün etmek	VERB	13	meb|saha|tubitak|video|literature	Education & Language	idioms
hız vermek	VERB	13	tubitak|literature	Education & Language	idioms
ibret almak	VERB	13	video|literature	Other	other
iç savaş	NOUN	13	tubitak|meb|video|literature	Violence & Conflict	violence
i̇cabet etmek	VERB	13	meb|video|literature	Education & Language	idioms
içine kapanmak	VERB	13	video|literature	Education & Language	idioms
idrak etmek	VERB	13	video|literature	Emotions & Mental Processes	intelligence and reasoning
ifrit olmak	VERB	13	tubitak|saha|video|literature	Education & Language	idioms
iki ateş arasında kalmak	VERB	13	literature	Education & Language	idioms
iki kat olmak	VERB	13	saha|meb|video|tubitak|literature	Education & Language	idioms
ipi koparmak	VERB	13	video|literature	Other	other
iş işten geçmek	VERB	13	tubitak|literature	Education & Language	idioms
işi gücü bırakmak	VERB	13	meb|tubitak|video|literature	Other	other
işin içinden çıkmak	VERB	13	tubitak|meb|video|literature	Education & Language	idioms
kafa bulmak	VERB	13	video|literature	Education & Language	idioms
kâr etmek	VERB	13	video	Work & Economy	financial concepts
karar kılmak	VERB	13	tubitak|video|literature	Education & Language	idioms
kaygı duymak	VERB	13	tubitak|meb|literature	Emotions & Mental Processes	emotions
kendini ele vermek	VERB	13	video|literature	Education & Language	idioms
kestirip atmak	VERB	13	video|literature	Education & Language	idioms
kol gezmek	VERB	13	meb|tubitak|video|literature	Education & Language	idioms
kurdele kesmek	VERB	13	meb|video|literature	History, Politics & Religion	special days
Kuzey Yıldızı	PROPN	13	saha|meb|video	Space, Shapes & Properties	space
laftan anlamak	VERB	13	video|literature	Education & Language	idioms
leş gibi	NOUN	13	video|literature	Personality, Values & Behavior	appearance
maceraya atılmak	VERB	13	tubitak|video|literature	Other	other
muayene olmak	VERB	13	meb|tubitak|literature	Health & Medicine	medicine
müracaat etmek	VERB	13	meb|video|literature	Other	other
neşesi kaçmak	VERB	13	video|literature	Education & Language	idioms
oğul vermek	VERB	13	meb|video|literature	Other	other
oruç bozmak	VERB	13	meb|video|literature	History, Politics & Religion	religion
para babası	NOUN	13	video|literature	Work & Economy	financial concepts
parmak kadar	NA	13	tubitak|video|literature	Time, Numbers & Measurement	units of measurement
parmakla gösterilmek	VERB	13	tubitak|meb|video|literature	Education & Language	idioms
pul biber	NOUN	13	meb|tubitak|video	Food & Nutrition	food and drinks
pul koleksiyonu	NOUN	13	tubitak|meb|literature	Arts, Media & Entertainment	hobbies
rehber öğretmen	NOUN	13	meb|saha|tubitak|video|literature	Work & Economy	occupations
saçını süpürge etmek	VERB	13	video|literature	Education & Language	idioms
sakız gibi	NA	13	tubitak|video|literature	Other	other
savaş alanı	NOUN	13	video|literature	Violence & Conflict	violence
seyirci kalmak	VERB	13	meb|video|literature	Education & Language	idioms
şifa bulmak	VERB	13	video|literature	Health & Medicine	diseases
su içinde kalmak	VERB	13	tubitak|literature	Education & Language	idioms
talimat vermek	VERB	13	tubitak|video|literature	Other	other
tavır takınmak	VERB	13	meb|video|literature	Personality, Values & Behavior	behavior
tedavi görmek	VERB	13	meb|saha|tubitak|literature	Health & Medicine	medicine
teklif almak	VERB	13	tubitak|meb|video|literature	Other	other
teknik direktör	NOUN	13	tubitak|video|literature	Work & Economy	occupations
tepesi atmak	VERB	13	video|literature	Education & Language	idioms
teşhis etmek	VERB	13	meb|tubitak|video|literature	Other	other
tıpış tıpış yürümek	VERB	13	meb|video|literature	Education & Language	idioms
toprağa vermek	VERB	13	tubitak|literature	Education & Language	idioms
tuz buz olmak	VERB	13	video|literature	Education & Language	idioms
uzay kapsülü	NOUN	13	tubitak|video	Space, Shapes & Properties	space
vaktini almak	VERB	13	video|literature	Education & Language	idioms
vicdan azabı	NOUN	13	video|literature	Emotions & Mental Processes	emotions
vıcık vıcık	NOUNJ	13	tubitak|video|literature	Personality, Values & Behavior	appearance
yalın ayak	NOUN	13	video|literature	Other	other
yavaş gel!	NA	13	saha|video|literature	Education & Language	idioms
zarara uğramak	VERB	13	meb|video|literature	Education & Language	idioms
zemin hazırlamak	VERB	13	tubitak|meb|video|literature	Education & Language	idioms
zil takıp oynamak	VERB	13	literature	Education & Language	idioms
ağız yapmak	VERB	12	tubitak|video|literature	Education & Language	idioms
ağzından kaçırmak	VERB	12	tubitak|video|literature	Education & Language	idioms
aklı ermek	VERB	12	meb|video|literature	Emotions & Mental Processes	intelligence and reasoning
alkış tutmak	VERB	12	tubitak|video|literature	Education & Language	idioms
ana yemek	NOUN	12	tubitak|meb|video|literature	Food & Nutrition	dishes
aşık atmak	VERB	12	video|literature	Education & Language	idioms
askerlik yapmak	VERB	12	meb|literature	Work & Economy	duties
aykırı olmak	VERB	12	tubitak|meb|video|literature	Other	other
ayrı düşmek	VERB	12	tubitak|video|literature	Emotions & Mental Processes	emotions
başına iş açmak	VERB	12	tubitak|video|literature	Education & Language	idioms
bin dereden su getirmek	VERB	12	meb|tubitak|video|literature	Education & Language	idioms
canı burnuna gelmek	VERB	12	meb|tubitak|video|literature	Education & Language	idioms
çember içine almak	VERB	12	meb|saha|tubitak|video|literature	Education & Language	idioms
cezaya çarptırmak	VERB	12	literature	Education & Language	idioms
darbe almak	VERB	12	tubitak|literature	Violence & Conflict	violence
dil bilimi	NOUN	12	tubitak|meb|video	Science & Technology	scientific disciplines
dilin kemiği yok	NA	12	literature	Education & Language	idioms
el ayak çekilmek	VERB	12	meb|saha|tubitak|video|literature	Other	other
er geç	NOUN	12	tubitak|video|literature	Time, Numbers & Measurement	time
evdeki hesap çarşıya uymaz	NA	12	meb|tubitak|video|literature	Other	other
evsel atık	NOUN	12	meb|tubitak	Home & Domestic Life	home
faydasını görmek	NOUN	12	meb|video|literature	Education & Language	idioms
fırın gibi	NA	12	meb|video|literature	Education & Language	idioms
foyası ortaya çıkmak	VERB	12	meb|saha|tubitak|video|literature	Education & Language	idioms
gelin gitmek	VERB	12	video|literature	People & Relationships	kinship
göz açtırmamak	VERB	12	video|literature	Education & Language	idioms
göz önüne sermek	VERB	12	tubitak|meb|video|literature	Education & Language	idioms
gözünde büyümek	VERB	12	meb|tubitak|video|literature	Education & Language	idioms
günah işlemek	VERB	12	meb|video|literature	History, Politics & Religion	religion
güneş açmak	VERB	12	meb|saha|tubitak|video|literature	Other	other
gururunu okşamak	VERB	12	video|literature	Education & Language	idioms
haber uçurmak	VERB	12	literature	Education & Language	idioms
hayretler içinde kalmak	VERB	12	video|literature	Education & Language	idioms
hazıra dağlar dayanmaz	NA	12	literature	Education & Language	proverbs
hizaya getirmek	VERB	12	tubitak|video|literature	Other	other
içi kararmak	VERB	12	tubitak|meb|video|literature	Education & Language	idioms
içini ezmek	VERB	12	tubitak|saha|video|literature	Education & Language	idioms
içini sıkmak	VERB	12	meb|tubitak|literature	Education & Language	idioms
icra etmek	VERB	12	meb|video|literature	Other	other
iğne yapmak	VERB	12	meb|saha|literature	Health & Medicine	medicine
ikamet etmek	VERB	12	meb|video|literature	Places & Settlements	places
ileri almak	VERB	12	tubitak|meb|video|literature	Education & Language	idioms
ileriyi görmek	VERB	12	meb|tubitak|video|literature	Education & Language	idioms
ilk yardımcı	NOUN	12	meb|video	Work & Economy	occupations
ismi geçmek	VERB	12	meb|saha|video|literature	Education & Language	idioms
kafa dinlemek	VERB	12	saha|video|literature	Education & Language	idioms
kafayı bulmak	VERB	12	video|literature	Education & Language	idioms
kalem kırmak	VERB	12	meb|tubitak|video|literature	Other	other
kendi yağıyla kavrulmak	VERB	12	literature	Education & Language	idioms
kendini dinlemek	VERB	12	meb|tubitak|video|literature	Education & Language	idioms
kıskıvrak yakalamak	VERB	12	tubitak|video|literature	Other	other
kös dinlemek	VERB	12	meb|video|literature	Education & Language	idioms
kulağını açmak	VERB	12	video|literature	Education & Language	idioms
küt diye	NA	12	video|literature	Education & Language	idioms
lafa karışmak	VERB	12	video|literature	Education & Language	idioms
mağlup etmek	VERB	12	meb|video|literature	Other	other
maya çalmak	VERB	12	meb|video|literature	Food & Nutrition	food and drinks
mecbur olmak	VERB	12	video|literature	Other	other
medet ummak	VERB	12	literature	Education & Language	idioms
memur olmak	VERB	12	meb|literature	Work & Economy	occupations
merkezkaç kuvvet	NOUN	12	tubitak|video	Education & Language	terms
mesaj bırakmak	VERB	12	video|literature	Other	other
meydan dayağı atmak	VERB	12	video|literature	Violence & Conflict	violence
ne günlere kaldık!	NA	12	meb|saha|tubitak|video|literature	Education & Language	idioms
ödeme yapmak	VERB	12	saha|meb|video|literature	Work & Economy	financial concepts
orta direk	NOUN	12	tubitak|video	Other	other
ortalığı birbirine katmak	VERB	12	video|literature	Personality, Values & Behavior	behavior
ortam yaratmak	VERB	12	tubitak|meb|video|literature	Education & Language	idioms
oyun çıkarmak	VERB	12	tubitak|meb|video|literature	Education & Language	idioms
oyuna getirmek	VERB	12	video|literature	Education & Language	idioms
para cezası	NOUN	12	meb|literature	Work & Economy	financial concepts
paraya para dememek	VERB	12	meb|saha|tubitak|video|literature	Education & Language	idioms
pervane olmak	VERB	12	tubitak|video|literature	Education & Language	idioms
razı etmek	VERB	12	literature	Other	other
rekabet etmek	VERB	12	tubitak|video|literature	Other	other
sahne almak	VERB	12	tubitak|video|literature	Arts, Media & Entertainment	theater
servis atmak	VERB	12	tubitak	Sports, Games & Recreation	sports
sorumlu tutmak	VERB	12	tubitak|meb|video|literature	Education & Language	idioms
sözü edilmek	VERB	12	tubitak|meb|video|literature	Education & Language	idioms
tahsis etmek	VERB	12	video|literature	Other	other
tam üstüne basmak	VERB	12	meb|saha|tubitak|video|literature	Education & Language	idioms
tasdik etmek	VERB	12	meb|literature	Other	other
tereyağından kıl çeker gibi	NA	12	video|literature	Education & Language	idioms
teşrif etmek	VERB	12	video|literature	Other	other
tetiği çekmek	VERB	12	video|literature	Violence & Conflict	violence
tıraş etmek	VERB	12	tubitak|video|literature	Other	other
uzun lafın kısası	NA	12	tubitak|video|literature	Education & Language	fixed expressions
yola getirmek	VERB	12	tubitak|video|literature	Education & Language	idioms
ziyafet vermek	VERB	12	meb|video|literature	Food & Nutrition	dishes
ziyanı yok	NA	12	video|literature	Education & Language	idioms
abluka altına almak	VERB	11	literature	Violence & Conflict	violence
akülü araba	NOUN	11	meb|video|literature	Sports, Games & Recreation	toys
alnının akıyla	NA	11	video|literature	Personality, Values & Behavior	honesty
belini bükmek	VERB	11	meb|literature	Education & Language	idioms
bir taşla iki kuş vurmak	VERB	11	video|literature	Education & Language	idioms
boşa çıkmak	VERB	11	tubitak|video|literature	Education & Language	idioms
bozuntuya vermemek	VERB	11	video|literature	Education & Language	idioms
çağı yakalamak	VERB	11	tubitak|video|literature	Education & Language	idioms
can çekişmek	VERB	11	literature	Education & Language	idioms
canını dişine takmak	VERB	11	video|literature	Education & Language	idioms
cazip gelmek	VERB	11	meb|video|literature	Other	other
çemberi yarmak	VERB	11	literature	Education & Language	idioms
çuvalla para kazanmak	VERB	11	saha|meb|video	Education & Language	idioms
delik deşik etmek	VERB	11	video|literature	Education & Language	idioms
deveyi hendekten atlatmak	VERB	11	video|literature	Education & Language	idioms
düğün salonu	NOUN	11	saha|meb|video|literature	Places & Settlements	places
eylem yapmak	VERB	11	tubitak|video|literature	Emotions & Mental Processes	action
faydası dokunmak	VERB	11	video|literature	Education & Language	idioms
ferah tutmak	VERB	11	video|literature	Personality, Values & Behavior	behavior
fişek gibi	NA	11	tubitak|video|literature	Education & Language	idioms
gözüne batmak	VERB	11	meb|video|literature	Education & Language	idioms
hasret çekmek	VERB	11	tubitak|video|literature	Emotions & Mental Processes	emotions
hayatını kazanmak	VERB	11	video|literature	Education & Language	idioms
hazır bulunmak	VERB	11	tubitak|meb|video|literature	Personality, Values & Behavior	behavior
hazır gıda	NOUN	11	meb|literature	Food & Nutrition	dishes
hazır yiyecek	NOUN	11	tubitak|saha|meb|literature	Food & Nutrition	dishes
icat çıkarmak	VERB	11	meb|video|literature	Education & Language	idioms
içi dışına çıkmak	VERB	11	video|literature	Education & Language	idioms
ilan vermek	VERB	11	tubitak|video|literature	Literature & Publishing	publication
ilgi odağı olmak	VERB	11	tubitak|meb|video|literature	Education & Language	idioms
işlem görmek	VERB	11	tubitak|meb|video|literature	Work & Economy	financial concepts
istasyon yapmak	VERB	11	tubitak|video	Education & Language	idioms
kalbi yerinden oynamak	VERB	11	literature	Education & Language	idioms
katıla katıla gülmek	VERB	11	literature	Emotions & Mental Processes	emotions
kayıplara karışmak	VERB	11	tubitak|video|literature	Education & Language	idioms
kemer sıkmak	VERB	11	literature	Work & Economy	financial concepts
kesenin ağzını açmak	VERB	11	literature	Work & Economy	financial concepts
kod adı	NOUN	11	tubitak|video|literature	Other	other
kötülük etmek	VERB	11	meb|video|literature	Personality, Values & Behavior	ethical values
laf yetiştirmek	VERB	11	meb|video|literature	Education & Language	idioms
mal yapmak	VERB	11	video	Work & Economy	financial concepts
mekanik enerji	NOUN	11	tubitak|video	Science & Technology	energy resources
mısır püskülü	NOUN	11	video	Nature & Living Things	plants
müzik defteri	NOUN	11	meb|video	Arts, Media & Entertainment	music
namaza durmak	VERB	11	video|literature	History, Politics & Religion	religion
nara atmak	VERB	11	meb|literature	Sound & Communication Phenomena	sounds
nasihat vermek	VERB	11	video|literature	Education & Language	idioms
patlak vermek	VERB	11	tubitak|literature	Education & Language	idioms
rüzgâr ekip fırtına biçmek	VERB	11	literature	Education & Language	idioms
şafak sökmek	VERB	11	video|literature	Education & Language	idioms
sıfırdan başlamak	VERB	11	meb|video|literature	Education & Language	idioms
sınır kapısı	NOUN	11	tubitak|meb	Places & Settlements	countries
sırtını dayamak	VERB	11	tubitak|literature	Education & Language	idioms
suçlu olmak	VERB	11	video|literature	Other	other
tahlil yapmak	VERB	11	tubitak|meb|literature	Health & Medicine	medicine
ters düşmek	VERB	11	tubitak|video|literature	Education & Language	idioms
yerinde yeller esmek	VERB	11	tubitak|video|literature	Education & Language	idioms
yüksek atlama	NOUN	11	tubitak|video|literature	Sports, Games & Recreation	sports
yuvarlanıp gitmek	VERB	11	meb|video|literature	Education & Language	idioms
acı badem	NOUN	10	video|tubitak|literature	Food & Nutrition	fruits
ağzına sağlık	NA	10	meb|video|literature	Education & Language	fixed expressions
alet etmek	VERB	10	video|literature	Education & Language	idioms
alkış almak	VERB	10	meb|video|literature	Education & Language	idioms
arife günü	NOUN	10	meb|literature	History, Politics & Religion	religious days
atıfta bulunmak	VERB	10	tubitak|meb|literature	Literature & Publishing	publication
başını ezmek	VERB	10	literature	Education & Language	idioms
beyin göçü	NOUN	10	meb	History, Politics & Religion	migration
cefa çekmek	VERB	10	video|literature	Other	other
destek görmek	VERB	10	meb|video|literature	Education & Language	idioms
dünya varmış	NA	10	video	Education & Language	idioms
dünyadan haberi olmamak	VERB	10	tubitak|meb|literature	Education & Language	idioms
ekmeğini taştan çıkarmak	VERB	10	literature	Personality, Values & Behavior	diligence
elekten geçirmek	VERB	10	tubitak|video	Education & Language	idioms
elleri dert görmesin	NA	10	video|literature	Education & Language	fixed expressions
fon müziği	NOUN	10	meb|video|literature	Arts, Media & Entertainment	music
garanti vermek	VERB	10	tubitak|meb|video|literature	Education & Language	idioms
genel müdür	NOUN	10	meb|literature	Work & Economy	occupations
har vurup harman savurmak	VERB	10	literature	Education & Language	idioms
huzurunu kaçırmak	VERB	10	meb|video|literature	Education & Language	idioms
icap etmek	VERB	10	video|literature	Education & Language	idioms
içine hüzün çökmek	VERB	10	video|literature	Education & Language	idioms
ileri götürmek	VERB	10	tubitak|video|literature	Education & Language	idioms
iş kazası	NOUN	10	video|literature	Transportation, Travel & Safety	safety rules
işin ortasını bulmak	VERB	10	tubitak|meb|literature	Education & Language	idioms
ıslah etmek	VERB	10	tubitak|meb|literature	Other	other
kabuğunu çatlatmak	VERB	10	tubitak|meb|literature	Education & Language	idioms
kafasını kurcalamak	VERB	10	video|literature	Emotions & Mental Processes	intelligence and reasoning
kalem açmak	VERB	10	tubitak|meb|video|literature	Other	other
kana susamak	VERB	10	video|literature	Violence & Conflict	violence
kardeş ülke	NOUN	10	saha|meb|literature	Places & Settlements	nations
kaynak kişi	NOUN	10	meb	Other	other
keçileri kaçırmak	VERB	10	video|literature	Education & Language	idioms
kendi havasında olmak	VERB	10	tubitak|video|literature	Education & Language	idioms
kepenkleri indirmek	VERB	10	video|literature	Education & Language	idioms
kesme işareti	NOUN	10	meb	Education & Language	terms
keyfi kaçmak	VERB	10	video|literature	Education & Language	idioms
kitle iletişimi	NOUN	10	tubitak|meb|literature	Arts, Media & Entertainment	media
kılık kıyafet	NOUN	10	video|literature	Personal Care & Consumer Life	clothing
kıyameti koparmak	VERB	10	video|literature	Education & Language	idioms
kolları kopmak	VERB	10	video|literature	Education & Language	idioms
konuşma yapmak	VERB	10	tubitak|meb|video|literature	Other	other
kulak tırmalamak	VERB	10	literature	Education & Language	idioms
kuru incir	NOUN	10	tubitak|video|literature	Food & Nutrition	fruits
lafa tutmak	VERB	10	video|literature	Education & Language	idioms
lafını kesmek	VERB	10	video|literature	Education & Language	idioms
lehinde bulunmak	VERB	10	tubitak|meb	Personality, Values & Behavior	behavior
leyleği havada görmek	VERB	10	meb	Education & Language	idioms
mâni olmak	VERB	10	video|literature	Education & Language	idioms
meydan vermemek	VERB	10	meb|video|literature	Education & Language	idioms
midesi kabul etmemek	VERB	10	video|literature	Education & Language	idioms
nam salmak	VERB	10	meb|video|literature	Education & Language	idioms
ok gibi fırlamak	VERB	10	literature	Education & Language	idioms
ölümü göze almak	VERB	10	meb|literature	Education & Language	idioms
omuz kaldırmak	VERB	10	tubitak|video|literature	Education & Language	idioms
paraya kıymak	VERB	10	video|literature	Work & Economy	financial concepts
saçını başını yolmak	VERB	10	literature	Violence & Conflict	violence
saf tutmak	VERB	10	video|literature	Education & Language	idioms
sağlam durmak	VERB	10	tubitak|video|literature	Education & Language	idioms
şaplak atmak	VERB	10	literature	Violence & Conflict	violence
savaş vermek	VERB	10	tubitak|meb|literature	Education & Language	idioms
selamı sabahı kesmek	VERB	10	video|literature	Education & Language	idioms
sineye çekmek	VERB	10	video|literature	Education & Language	idioms
sırt çevirmek	VERB	10	video|literature	Education & Language	idioms
şok geçirmek	VERB	10	meb|video|literature	Emotions & Mental Processes	emotions
söz geçirmek	VERB	10	tubitak|meb|video|literature	Education & Language	idioms
sözünü geri almak	VERB	10	video|literature	Education & Language	idioms
süzgeçten geçirmek	VERB	10	tubitak|meb|literature	Education & Language	idioms
tabir etmek	VERB	10	meb|video|literature	Other	other
U dönüşü	NOUN	10	video|literature	Transportation, Travel & Safety	traffic
vurmalı çalgılar	NOUN	10	tubitak|meb	Arts, Media & Entertainment	music
yaka silkmek	VERB	10	tubitak|literature	Education & Language	idioms
yarından tezi yok	NA	10	video|literature	Time, Numbers & Measurement	time
yaş tahtaya basmak	VERB	10	literature	Education & Language	idioms
yüz akı	NOUN	10	meb|video|literature	Other	other
yüzünü kara çıkarmak	VERB	10	video|literature	Education & Language	idioms
zevk vermek	VERB	10	tubitak|saha|literature	Emotions & Mental Processes	emotions
abuk sabuk konuşmak	VERB	9	video|literature	Personality, Values & Behavior	behavior
ağzı var dili yok	NA	9	video|literature	Education & Language	idioms
anlaşmazlığa düşmek	VERB	9	tubitak|meb|video|literature	Education & Language	idioms
aşağı almak	VERB	9	meb|literature	Education & Language	idioms
ateş almak	VERB	9	video|literature	Education & Language	idioms
ayağını denk almak	VERB	9	video|literature	Education & Language	idioms
ayak bağı olmak	VERB	9	literature	Education & Language	idioms
berabere kalmak	VERB	9	tubitak|video	Education & Language	idioms
bozguna uğramak	VERB	9	tubitak|meb|video|literature	Violence & Conflict	violence
bülbül gibi şakımak	VERB	9	video|literature	Education & Language	idioms
burnunda tütmek	VERB	9	meb|video|literature	Personality, Values & Behavior	love
çam devirmek	VERB	9	meb|literature	Education & Language	idioms
çamur atmak	VERB	9	video|literature	Education & Language	idioms
çekip çevirmek	VERB	9	video|literature	Education & Language	idioms
çer çöp	NOUN	9	meb|literature	Nature & Living Things	waste
çeyrek final	NOUN	9	tubitak|video|literature	Sports, Games & Recreation	sports
çile çekmek	VERB	9	video|literature	Education & Language	idioms
çorap söküğü gibi gelmek	VERB	9	literature	Education & Language	idioms
derdine düşmek	VERB	9	literature	Education & Language	idioms
dev aynası	NOUN	9	tubitak|literature	Other	other
dillere destan olmak	VERB	9	tubitak|video|literature	Education & Language	idioms
ekmeğine yağ sürmek	VERB	9	literature	Education & Language	idioms
eski toprak	NOUN	9	video|literature	Health & Medicine	health
etekleri zil çalmak	VERB	9	tubitak|meb|video|literature	Education & Language	idioms
fabrika ayarları	NOUN	9	video|literature	Other	other
gözetim altında tutmak	VERB	9	tubitak|video|literature	Education & Language	idioms
hava atışı	NOUN	9	video|literature	Sports, Games & Recreation	sports
her telden çalmak	VERB	9	literature	Education & Language	idioms
hipnotize olmak	VERB	9	video|literature	Other	other
hüküm vermek	VERB	9	meb|video|literature	Education & Language	idioms
içini burkmak	VERB	9	literature	Education & Language	idioms
idman yapmak	VERB	9	video|literature	Sports, Games & Recreation	sports
iki büklüm olmak	VERB	9	meb|literature	Education & Language	idioms
istek duymak	VERB	9	tubitak|meb|literature	Emotions & Mental Processes	emotions
itibar etmek	VERB	9	meb|literature	Education & Language	idioms
kale gibi	NA	9	video|literature	Education & Language	idioms
kalp pili	NOUN	9	tubitak|video	Health & Medicine	diseases
kamufle etmek	VERB	9	tubitak|video|literature	Other	other
kapısı açık	NOUNJ	9	video|literature	Education & Language	idioms
keklik gibi	NA	9	video|literature	Education & Language	idioms
keyif sürmek	VERB	9	tubitak|literature	Education & Language	idioms
kolaya kaçmak	VERB	9	tubitak|video|literature	Education & Language	idioms
koruyucu aile	NOUN	9	meb|video	People & Relationships	family
kumar oynamak	VERB	9	meb|video	Education & Language	idioms
kuşku duymak	VERB	9	tubitak|meb|video|literature	Emotions & Mental Processes	emotions
lokmasını saymak	VERB	9	meb|literature	Education & Language	idioms
mazur görmek	VERB	9	video|literature	Personality, Values & Behavior	forgiveness
muhatap olmak	VERB	9	video|literature	Other	other
mumla aramak	VERB	9	meb|video|literature	Education & Language	idioms
özel yaşam	NOUN	9	tubitak|meb|video|literature	Other	other
palavra atmak	VERB	9	video|literature	Education & Language	idioms
ramak kalmak	VERB	9	video|literature	Education & Language	idioms
sağlam kazığa bağlamak	VERB	9	video|literature	Education & Language	idioms
sinir krizi	NOUN	9	saha|video|literature	Emotions & Mental Processes	emotions
sorun etmek	VERB	9	meb|video|literature	Other	other
sosyal faaliyet	NOUN	9	meb|video|literature	Other	other
tabanları yağlamak	VERB	9	video|literature	Education & Language	idioms
taş kalpli	NOUNJ	9	video|literature	Emotions & Mental Processes	emotions
turnayı gözünden vurmak	VERB	9	literature	Education & Language	idioms
üstüne yıkmak	VERB	9	video|literature	Education & Language	idioms
vız gelmek	VERB	9	tubitak|meb|video|literature	Education & Language	idioms
yaka paça etmek	VERB	9	literature	Education & Language	idioms
yangın söndürücü	NOUN	9	tubitak	Transportation, Travel & Safety	safety rules
yangına körükle gitmek	VERB	9	video|literature	Education & Language	idioms
yelkenleri suya indirmek	VERB	9	video|literature	Education & Language	idioms
yolunu beklemek	VERB	9	saha|literature	Education & Language	idioms
yüzünü kara çıkartmak	VERB	9	video|literature	Education & Language	idioms
zarar etmek	VERB	9	tubitak|meb|video|literature	Work & Economy	financial concepts
zorluk çıkarmak	VERB	9	tubitak|video|literature	Education & Language	idioms
af buyurun!	NA	8	video|literature	Education & Language	fixed expressions
ardı arkası kesilmemek	VERB	8	tubitak|literature	Education & Language	idioms
ayakları geri geri gitmek	VERB	8	tubitak|video|literature	Education & Language	idioms
benzi atmak	VERB	8	video|literature	Education & Language	idioms
boş bulunmak	VERB	8	tubitak|video|literature	Education & Language	idioms
bozuk plak gibi	NA	8	video|literature	Education & Language	idioms
çakı gibi	NA	8	saha|video|literature	Education & Language	idioms
can bulmak	VERB	8	video|literature	Education & Language	idioms
canına tak etmek	VERB	8	video|literature	Personality, Values & Behavior	patience
canından bezdirmek	VERB	8	tubitak|meb|literature	Education & Language	idioms
cankulağı ile dinlemek	VERB	8	literature	Education & Language	idioms
cesaret göstermek	VERB	8	video|literature	Education & Language	idioms
çuval gibi	NA	8	tubitak|literature	Education & Language	idioms
dallanıp budaklanmak	VERB	8	meb|literature	Education & Language	idioms
damdan düşer gibi	NA	8	literature	Education & Language	idioms
deli dolu	NOUNJ	8	tubitak|video|literature	Personality, Values & Behavior	personality
diyanet işleri	NOUN	8	meb|literature	History, Politics & Religion	religion
eşeğini sağlam kazığa bağlamak	VERB	8	video|literature	Education & Language	idioms
felç olmak	VERB	8	tubitak|meb|video|literature	Health & Medicine	diseases
fır dönmek	VERB	8	meb|video|literature	Education & Language	idioms
girişimde bulunmak	VERB	8	tubitak|meb|video|literature	Education & Language	idioms
gökten zembille inmek	VERB	8	literature	Education & Language	idioms
görüntülü arama	NOUN	8	tubitak|video|literature	Science & Technology	telephone
gözü ısırmak	VERB	8	literature	Education & Language	idioms
gözüne sokmak	VERB	8	video|literature	Education & Language	idioms
güneş balçıkla sıvanmaz	NA	8	literature	Education & Language	proverbs
havanda su dövmek	VERB	8	literature	Education & Language	idioms
hazıra konmak	VERB	8	video	Education & Language	idioms
heba etmek	VERB	8	video|literature	Education & Language	idioms
helak olmak	VERB	8	meb|video|literature	Education & Language	idioms
hesap görmek	VERB	8	meb|video|literature	Education & Language	idioms
hesap tutmak	VERB	8	tubitak|video|literature	Work & Economy	financial concepts
hevesini almak	VERB	8	tubitak|video|literature	Education & Language	idioms
içi sızlamak	VERB	8	literature	Education & Language	idioms
içi titremek	VERB	8	video|literature	Education & Language	idioms
içini kurt yemek	VERB	8	literature	Education & Language	idioms
ihanete uğramak	VERB	8	video|literature	Education & Language	idioms
kafa ütülemek	VERB	8	literature	Education & Language	idioms
kafayı bozmak	VERB	8	video	Emotions & Mental Processes	intelligence and reasoning
kan kaybetmek	VERB	8	video|literature	Education & Language	idioms
kapı kapı gezmek	VERB	8	saha|meb|video|literature	Education & Language	idioms
karşıt anlamlı	NOUNJ	8	tubitak|meb|literature	Education & Language	grammar
kenet etmek	VERB	8	meb|literature	Education & Language	idioms
kişisel gelişim	NOUN	8	meb|video	Other	other
kılını oynatmamak	VERB	8	video|literature	Education & Language	idioms
kına yakılmak	VERB	8	saha|meb|video|literature	Education & Language	idioms
kına yakmak	VERB	8	saha|meb|video|literature	Education & Language	idioms
kısmet olmak	VERB	8	video|literature	Other	other
kulağına söylemek	VERB	8	meb|video|literature	Education & Language	idioms
laf anlatmak	VERB	8	literature	Education & Language	idioms
lafa dalmak	VERB	8	meb|video|literature	Education & Language	idioms
lafı ağzında kalmak	VERB	8	video	Education & Language	idioms
maskara olmak	VERB	8	video|literature	Education & Language	idioms
maymun gibi	NA	8	tubitak|meb|video|literature	Personality, Values & Behavior	appearance
mecbur etmek	VERB	8	video|literature	Other	other
merak getirmek	VERB	8	tubitak|video|literature	Education & Language	idioms
merhem olmak	VERB	8	video|literature	Education & Language	idioms
mosmor olmak	VERB	8	video|literature	Education & Language	idioms
musallat olmak	VERB	8	video|literature	Education & Language	idioms
nişan takmak	VERB	8	video	History, Politics & Religion	special days
nöbet beklemek	VERB	8	tubitak|literature	Education & Language	idioms
organize olmak	VERB	8	tubitak|video|literature	Education & Language	idioms
ortama ayak uydurmak	VERB	8	tubitak|video|literature	Education & Language	idioms
özlemini duymak	VERB	8	tubitak|meb|video|literature	Emotions & Mental Processes	emotions
pabucu dama atılmak	VERB	8	literature	Education & Language	idioms
pahalıya mal olmak	VERB	8	tubitak|literature	Education & Language	idioms
partiyi kaybetmek	VERB	8	meb|video|literature	Education & Language	idioms
sayıp dökmek	VERB	8	tubitak|literature	Education & Language	idioms
suratını ekşitmek	VERB	8	video|literature	Education & Language	idioms
sürücü belgesi	NOUN	8	meb|video	Transportation, Travel & Safety	traffic
suya düşmek	VERB	8	video|literature	Education & Language	idioms
suya sabuna dokunmamak	VERB	8	literature	Education & Language	idioms
temel bilimler	NOUN	8	tubitak|meb	Science & Technology	scientific disciplines
temize havale etmek	VERB	8	video	Education & Language	idioms
tenezzül etmek	VERB	8	video|literature	Education & Language	idioms
termik santral	NOUN	8	tubitak|meb	Science & Technology	energy resources
tokat aşk eylemek	VERB	8	literature	Violence & Conflict	violence
transfer etmek	VERB	8	video|literature	Other	other
türkü çağırmak	VERB	8	tubitak|literature	Arts, Media & Entertainment	music
vites kolu	NOUN	8	tubitak|video	Transportation, Travel & Safety	vehicles
yakasını bırakmamak	VERB	8	video|literature	Education & Language	idioms
yüreği yanmak	VERB	8	literature	Emotions & Mental Processes	emotions
zihnini kurcalamak	VERB	8	literature	Education & Language	idioms
açığa vurmak	VERB	7	literature	Education & Language	idioms
acısını çıkarmak	VERB	7	tubitak|video|literature	Education & Language	idioms
ağza alınmaz	NOUNJ	7	tubitak|meb	Education & Language	fixed expressions
ağzının suyu akmak	VERB	7	literature	Education & Language	idioms
aklına düşmek	VERB	7	video|literature	Emotions & Mental Processes	intelligence and reasoning
anket yapmak	VERB	7	tubitak|meb|video	Other	other
avucunun içi gibi bilmek	VERB	7	tubitak|literature	Education & Language	idioms
avucunun içine almak	VERB	7	tubitak|literature	Education & Language	idioms
baraj kurmak	VERB	7	video|literature	Sports, Games & Recreation	sports
başına kakmak	VERB	7	literature	Education & Language	idioms
burnundan solumak	VERB	7	literature	Emotions & Mental Processes	anger
cana kıymak	VERB	7	video|literature	Violence & Conflict	violence
çene yormak	VERB	7	video|literature	Education & Language	idioms
çenesi düşmek	VERB	7	video|literature	Education & Language	idioms
çıkmaza sokmak	VERB	7	video|literature	Education & Language	idioms
defterden silmek	VERB	7	literature	Education & Language	idioms
devede kulak	NOUNJ	7	tubitak|literature	Education & Language	idioms
devre dışı kalmak	VERB	7	tubitak|video|literature	Education & Language	idioms
dijital ortam	NOUN	7	tubitak|meb|video	Science & Technology	information technologies
dirsek çürütmek	VERB	7	literature	Education & Language	idioms
doktora yapmak	VERB	7	tubitak|literature	Education & Language	education
duman etmek	VERB	7	video|literature	Education & Language	idioms
egale etmek	VERB	7	meb|video	Education & Language	idioms
el değiştirmek	VERB	7	tubitak|literature	Education & Language	idioms
elektrikli araba	NOUN	7	video	Transportation, Travel & Safety	vehicles
emekli maaşı	NOUN	7	meb|video|literature	Work & Economy	financial concepts
faaliyete geçmek	VERB	7	tubitak|literature	Other	other
formda olmak	VERB	7	tubitak|video	Education & Language	idioms
geri basmak	VERB	7	video	Education & Language	idioms
gösterime girmek	VERB	7	tubitak|video|literature	Arts, Media & Entertainment	cinema
gözü doymak	VERB	7	meb|video|literature	Education & Language	idioms
gözü korkmak	VERB	7	meb|literature	Education & Language	idioms
hasret kalmak	VERB	7	meb|literature	Emotions & Mental Processes	emotions
hata işlemek	VERB	7	meb|literature	Education & Language	idioms
hayal satmak	VERB	7	video|literature	Other	other
iç içe girmek	VERB	7	tubitak|video|literature	Education & Language	idioms
ihraç etmek	VERB	7	tubitak|meb	Other	other
i̇hya etmek	VERB	7	meb|video|literature	Other	other
iki gözü iki çeşme	NA	7	literature	Education & Language	idioms
iki ucunu bir araya getirememek	VERB	7	tubitak|meb	Education & Language	idioms
ilişiğini kesmek	VERB	7	tubitak|meb|video|literature	Work & Economy	occupations
iş ayağa düşmek	VERB	7	tubitak|video|literature	Education & Language	idioms
işi ciddiye almak	VERB	7	video|literature	Education & Language	idioms
işi ileri götürmek	VERB	7	tubitak|video|literature	Education & Language	idioms
işin üstesinden gelmek	VERB	7	tubitak|video|literature	Education & Language	idioms
iştahı olmak	VERB	7	video|literature	Education & Language	idioms
itham etmek	VERB	7	video|literature	Other	other
kaleyi içinden fethetmek	VERB	7	meb|video|literature	Education & Language	idioms
kapı kapı dolaşmak	VERB	7	meb|literature	Education & Language	idioms
karalar bağlamak	VERB	7	meb|literature	Education & Language	idioms
kem küm etmek	VERB	7	literature	Education & Language	idioms
kenarda kalmak	VERB	7	tubitak|meb|video|literature	Education & Language	idioms
kendini sıkmak	VERB	7	video|literature	Emotions & Mental Processes	emotions
kertesine gelmek	VERB	7	video|literature	Education & Language	idioms
kesintiye uğramak	VERB	7	tubitak|literature	Education & Language	idioms
kollarının arasına almak	VERB	7	literature	Education & Language	idioms
kötüye kullanmak	VERB	7	meb|video|literature	Education & Language	idioms
kukla gibi	NA	7	video|literature	Education & Language	idioms
kül yutmak	VERB	7	tubitak|literature	Education & Language	idioms
mal etmek	VERB	7	tubitak|video|literature	Education & Language	idioms
masaya yatırmak	VERB	7	literature	Education & Language	idioms
maskesi düşmek	VERB	7	video|literature	Education & Language	idioms
masraf kapısı açmak	VERB	7	video	Work & Economy	financial concepts
mensup olmak	VERB	7	meb|literature	Personality, Values & Behavior	loyalty
merakta kalmak	VERB	7	video|literature	Emotions & Mental Processes	emotions
mesken tutmak	VERB	7	tubitak|literature	Education & Language	idioms
minnet duymak	VERB	7	meb|video|literature	Emotions & Mental Processes	emotions
minnettar kalmak	VERB	7	literature	Emotions & Mental Processes	emotions
moral bulmak	VERB	7	literature	Emotions & Mental Processes	emotions
mülki idare	NOUN	7	meb	History, Politics & Religion	politics
o hâlde	NOUN	7	tubitak|video	Education & Language	grammar
ölçüyü kaçırmak	VERB	7	literature	Education & Language	idioms
önüne arkasına bakmadan	NA	7	literature	Education & Language	idioms
ortaklık kurmak	VERB	7	tubitak|meb|literature	Work & Economy	financial concepts
oruç açmak	VERB	7	video|literature	History, Politics & Religion	religion
Osmanlı tokadı	NOUN	7	video|literature	Violence & Conflict	violence
Osmanlı tokadı atmak	VERB	7	video|literature	Violence & Conflict	violence
Osmanlı tokadı yemek	VERB	7	video|literature	Violence & Conflict	violence
oyun etmek	VERB	7	video|literature	Education & Language	idioms
pabuç bırakmamak	VERB	7	literature	Education & Language	idioms
panik olmak	VERB	7	video|literature	Emotions & Mental Processes	emotions
parmağında oynatmak	VERB	7	tubitak|video|literature	Education & Language	idioms
parmak ısırmak	VERB	7	video|literature	Education & Language	idioms
pop müzik	NOUN	7	tubitak|video	Arts, Media & Entertainment	music
pot kırmak	VERB	7	video|literature	Personality, Values & Behavior	behavior
rengi kaçmak	VERB	7	tubitak|meb|video	Education & Language	idioms
renkten renge girmek	VERB	7	tubitak|video|literature	Education & Language	idioms
restore etmek	VERB	7	tubitak|video|literature	Other	other
rota değiştirmek	VERB	7	tubitak|meb|video|literature	Education & Language	idioms
şakaya vurmak	VERB	7	literature	Education & Language	idioms
ser verip sır vermemek	VERB	7	video|literature	Education & Language	idioms
sert çıkmak	VERB	7	video|literature	Education & Language	idioms
sesi soluğu çıkmamak	VERB	7	video|literature	Sound & Communication Phenomena	sounds
şifayı kapmak	VERB	7	video|literature	Health & Medicine	diseases
sıkı ağızlı	NOUNJ	7	tubitak|meb|video|literature	Education & Language	idioms
sırra kadem basmak	VERB	7	literature	Education & Language	idioms
soğuk çay	NOUN	7	saha|video|literature	Food & Nutrition	beverages
şüphe uyandırmak	VERB	7	video|literature	Education & Language	idioms
süt dökmüş kedi gibi	NA	7	video|literature	Education & Language	idioms
tahsil etmek	VERB	7	video|literature	Other	other
takıp takıştırmak	VERB	7	literature	Personal Care & Consumer Life	clothing
talan etmek	VERB	7	video|literature	Violence & Conflict	violence
taviz vermek	VERB	7	literature	Education & Language	idioms
tepe tepe kullanmak	VERB	7	video	Education & Language	idioms
ters tarafından kalkmak	VERB	7	video|literature	Emotions & Mental Processes	anger
teselli bulmak	VERB	7	literature	Emotions & Mental Processes	emotions
türkü çığırmak	VERB	7	tubitak|literature	Arts, Media & Entertainment	music
üç aşağı beş yukarı	NA	7	literature	Education & Language	idioms
uçan kuştan medet ummak	VERB	7	literature	Education & Language	idioms
vahşi orman	NOUN	7	video|literature	Nature & Living Things	environment
yakayı ele vermek	VERB	7	tubitak|video|literature	Education & Language	idioms
yalan yanlış	NOUNJ	7	video|literature	Education & Language	idioms
yeşil ışık yakmak	VERB	7	meb|literature	Education & Language	idioms
yıldız vida	NOUN	7	video	Objects, Tools & Physical Things	tools
yumruk kadar	NA	7	tubitak|video|literature	Time, Numbers & Measurement	units of measurement
yüreğine inmek	VERB	7	video|literature	Education & Language	idioms
yüz bulmak	VERB	7	tubitak|meb|literature	Education & Language	idioms
yüz yüze bakmak	VERB	7	tubitak|meb|video|literature	Education & Language	idioms
yüzüstü bırakmak	VERB	7	video|literature	Personality, Values & Behavior	behavior
zevkine varmak	VERB	7	video|literature	Education & Language	idioms
zor kullanmak	VERB	7	meb|video|literature	Violence & Conflict	violence
acı gerçek	NOUN	6	video|literature	Education & Language	idioms
adı kalmak	VERB	6	literature	Education & Language	idioms
aklı başında olmamak	VERB	6	tubitak|video|literature	Emotions & Mental Processes	intelligence and reasoning
aklı durmak	VERB	6	tubitak|literature	Emotions & Mental Processes	intelligence and reasoning
aralarından su sızmamak	VERB	6	literature	People & Relationships	friendship
askıda kalmak	VERB	6	tubitak|literature	Education & Language	idioms
ayağına gelmek	VERB	6	video|literature	Education & Language	idioms
beyan etmek	VERB	6	meb|video|literature	Other	other
beygir gücü	NOUN	6	video	Time, Numbers & Measurement	units of measurement
bin pişman olmak	VERB	6	video|literature	Education & Language	idioms
bitkisel hayat	NOUN	6	tubitak|meb|literature	Health & Medicine	medicine
boğazına dizilmek	VERB	6	literature	Education & Language	idioms
boy aynası	NOUN	6	tubitak|literature	Personal Care & Consumer Life	accessories
buharlı tren	NOUN	6	tubitak|video|literature	Transportation, Travel & Safety	vehicles
çağ açmak	VERB	6	tubitak|saha|video|literature	Education & Language	idioms
caka satmak	VERB	6	video|literature	Education & Language	idioms
canı gitmek	VERB	6	video	Education & Language	idioms
cepheden cepheye koşmak	VERB	6	meb|literature	Education & Language	idioms
çocuk gibi sevinmek	VERB	6	meb|literature	Education & Language	idioms
deve güreşi	NOUN	6	video	Sports, Games & Recreation	sports
dil uzatmak	VERB	6	meb|literature	Education & Language	idioms
dilinde tüy bitmek	VERB	6	video|literature	Education & Language	idioms
diş gıcırdatmak	VERB	6	literature	Emotions & Mental Processes	anger
doğru orantı	NOUN	6	tubitak|video|literature	Education & Language	terms
dokuz köyden kovulmuş	NA	6	literature	Education & Language	idioms
ecel gelmek	VERB	6	literature	Education & Language	idioms
feragat etmek	VERB	6	video|literature	Education & Language	idioms
fındık kurdu gibi	NA	6	tubitak	Personality, Values & Behavior	appearance
fos çıkmak	VERB	6	video	Education & Language	idioms
gölge etmek	VERB	6	video|literature	Education & Language	idioms
göz boyamak	VERB	6	literature	Education & Language	idioms
gün ışığına çıkmak	VERB	6	tubitak|literature	Education & Language	idioms
günlük dil	NOUN	6	meb|literature	Literature & Publishing	language and literature
günlük konuşma	NOUN	6	meb|literature	Other	other
güvendiği dağlara kar yağmak	VERB	6	literature	Education & Language	idioms
hâle yola koymak	VERB	6	literature	Education & Language	idioms
hava basmak	VERB	6	tubitak|meb|video	Education & Language	idioms
hava cıva	NOUN	6	tubitak|literature	Nature & Living Things	plants
hesaba çekmek	VERB	6	tubitak|meb|literature	Education & Language	idioms
hesabını bilmek	VERB	6	tubitak|video|literature	Education & Language	idioms
içli dışlı olmak	VERB	6	tubitak|literature	Education & Language	idioms
iftar etmek	VERB	6	meb|literature	History, Politics & Religion	religious days
iğne deliğinden geçmek	VERB	6	tubitak|literature	Education & Language	idioms
iğne ile kuyu kazmak	VERB	6	literature	Education & Language	idioms
ileri atılmak	VERB	6	literature	Education & Language	idioms
ilerisini gerisini hesaplamamak	VERB	6	video	Education & Language	idioms
iskelete dönmek	VERB	6	video|literature	Education & Language	idioms
ismini cismini almak	VERB	6	meb	Education & Language	idioms
istişare etmek	VERB	6	literature	Other	other
ırgat pazarına dönmek	VERB	6	video|literature	Education & Language	idioms
kabak başına patlamak	VERB	6	literature	Education & Language	idioms
kan ağlamak	VERB	6	video|literature	Education & Language	idioms
karıncayı bile ezmemek	VERB	6	tubitak|video	Personality, Values & Behavior	behavior
karşı karşıya getirmek	VERB	6	tubitak|video|literature	Education & Language	idioms
kavga patlamak	VERB	6	meb|video	Violence & Conflict	violence
kelle koparmak	VERB	6	literature	Education & Language	idioms
kepaze etmek	VERB	6	video|literature	Education & Language	idioms
kesesi elvermemek	VERB	6	video|literature	Work & Economy	financial concepts
keyfi yerinde olmak	VERB	6	video|literature	Education & Language	idioms
kilit kürek olmak	VERB	6	tubitak|video|literature	Education & Language	idioms
kırıp geçirmek	VERB	6	video|literature	Education & Language	idioms
kış lastiği	NOUN	6	tubitak|meb|video	Transportation, Travel & Safety	vehicles
kısa devre	NOUN	6	tubitak|video	Education & Language	idioms
konuk etmek	VERB	6	tubitak|video|literature	Education & Language	idioms
köşe bucak kaçmak	VERB	6	video|literature	Education & Language	idioms
krize girmek	VERB	6	video|literature	Education & Language	idioms
küçük düşmek	VERB	6	tubitak|saha|video|literature	Education & Language	idioms
kül etmek	VERB	6	video|literature	Education & Language	idioms
kuru iftira	NOUN	6	video|literature	Education & Language	idioms
laf açmak	VERB	6	video|literature	Education & Language	idioms
laf işitmek	VERB	6	video|literature	Education & Language	idioms
laf yapmak	VERB	6	video	Education & Language	idioms
lastik gibi	NA	6	tubitak|video	Education & Language	idioms
leylek gibi	NA	6	tubitak|video|literature	Personality, Values & Behavior	appearance
mağdur olmak	VERB	6	meb|video	Education & Language	idioms
makaraları salıvermek	VERB	6	tubitak|video	Education & Language	idioms
mantara basmak	VERB	6	tubitak|video|literature	Education & Language	idioms
medet beklemek	VERB	6	literature	Education & Language	idioms
mendil sallamak	VERB	6	meb|literature	Education & Language	idioms
merakını mucip olmak	VERB	6	meb|video|literature	Emotions & Mental Processes	emotions
muamele görmek	VERB	6	video|literature	Education & Language	idioms
mühlet vermek	VERB	6	video|literature	Time, Numbers & Measurement	time
ne gözle bakmak	VERB	6	video	Education & Language	idioms
nefesi kesilmek	VERB	6	video|literature	Education & Language	idioms
ödün vermek	VERB	6	meb|video|literature	Education & Language	idioms
ok gibi (yerinden) fırlamak	VERB	6	literature	Education & Language	idioms
önayak olmak	VERB	6	tubitak|literature	Education & Language	idioms
operasyona çıkmak	VERB	6	video	Emotions & Mental Processes	action
ortaya dökmek	VERB	6	video|literature	Education & Language	idioms
ortaya yayılmak	VERB	6	tubitak|meb	Education & Language	idioms
oturup kalkmak	VERB	6	tubitak|meb|video|literature	Education & Language	idioms
öz güvensiz	NOUNJ	6	video	Emotions & Mental Processes	emotions
pahalıya patlamak	VERB	6	meb|video|literature	Education & Language	idioms
para tutmak	VERB	6	video|literature	Work & Economy	financial concepts
pay çıkarmak	VERB	6	meb|video	Education & Language	idioms
pılı pırtı toplamak	VERB	6	literature	Education & Language	idioms
post elden gitmek	VERB	6	literature	Education & Language	idioms
ruhu duymamak	VERB	6	video|literature	Education & Language	idioms
sabrı tükenmek	VERB	6	video|literature	Personality, Values & Behavior	patience
sağı solu (belli) olmamak	VERB	6	video|literature	Education & Language	idioms
saman alevi gibi	NA	6	literature	Education & Language	idioms
şans tanımak	VERB	6	video|literature	Education & Language	idioms
şikâyet kutusu	NOUN	6	video	Other	other
sırt sırta vermek	VERB	6	literature	Education & Language	idioms
sosyal yardım	NOUN	6	meb	Personality, Values & Behavior	helpfulness
soyup soğana çevirmek	VERB	6	video|literature	Education & Language	idioms
soyut sanat	NOUN	6	video	Arts, Media & Entertainment	art
söz açmak	VERB	6	video|literature	Education & Language	idioms
sözleşme yapmak	VERB	6	meb|video|literature	Other	other
su gibi ezberlemek	VERB	6	video|literature	Education & Language	idioms
tadı damağında kalmak	VERB	6	literature	Education & Language	idioms
tadını kaçırmak	VERB	6	video|literature	Education & Language	idioms
taksim etmek	VERB	6	meb|literature	People & Relationships	sharing
tasnif etmek	VERB	6	literature	Other	other
tavır almak	VERB	6	video|literature	Personality, Values & Behavior	behavior
tehdit savurmak	VERB	6	video|literature	Education & Language	idioms
tehlikeye düşürmek	VERB	6	meb|literature	Education & Language	idioms
temenni etmek	VERB	6	meb|literature	Emotions & Mental Processes	emotions
temize çekmek	VERB	6	video|literature	Education & Language	idioms
tencere yuvarlanmış, kapağını bulmuş	NA	6	video|literature	Education & Language	idioms
tepeden tırnağa süzmek	VERB	6	literature	Education & Language	idioms
tepesine binmek	VERB	6	video	Education & Language	idioms
teyit etmek	VERB	6	meb|video|literature	Other	other
tongaya basmak	VERB	6	literature	Education & Language	idioms
toz kondurmamak	VERB	6	literature	Education & Language	idioms
tuzluya mal olmak	VERB	6	tubitak	Work & Economy	financial concepts
üst perdeden konuşmak	VERB	6	literature	Education & Language	idioms
üstüne geçirmek	VERB	6	tubitak|meb|video|literature	Education & Language	idioms
üstüne toz kondurmamak	VERB	6	literature	Education & Language	idioms
vatani görev	NOUN	6	meb|literature	People & Relationships	responsibilities
verim almak	VERB	6	tubitak|meb|literature	Other	other
volta atmak	VERB	6	literature	Education & Language	idioms
ya sabır çekmek	VERB	6	literature	Education & Language	idioms
yalan dünya	NOUN	6	video	Education & Language	idioms
yalan makinesi	NOUN	6	video	Other	other
yaşından başından utanmamak	VERB	6	video|literature	Education & Language	idioms
yüz göz olmak	VERB	6	video|literature	Education & Language	idioms
yüzüstü kalmak	VERB	6	tubitak|literature	Education & Language	idioms
zaman öldürmek	VERB	6	video|literature	Education & Language	idioms
zevkten dörtköşe olmak	VERB	6	video|literature	Emotions & Mental Processes	emotions
zeytinyağı gibi üste çıkmak	VERB	6	video|literature	Education & Language	idioms
acil müdahale	NOUN	5	tubitak|meb|video	Other	other
adı çıkmak	VERB	5	video|literature	Education & Language	idioms
ah almak	VERB	5	video|literature	Education & Language	idioms
aklını başına toplamak	VERB	5	video|literature	Emotions & Mental Processes	intelligence and reasoning
ana kucağı	NOUN	5	meb|video|literature	Personality, Values & Behavior	love
azap çekmek	VERB	5	video|literature	Education & Language	idioms
bertaraf etmek	VERB	5	meb|literature	Education & Language	idioms
beş para etmemek	VERB	5	video|literature	Education & Language	idioms
birbirine düşmek	VERB	5	video|literature	Emotions & Mental Processes	anger
birbirini yemek	VERB	5	saha|video|literature	Emotions & Mental Processes	anger
bozuk çalmak	VERB	5	video	Education & Language	idioms
bulaşıcı hastalık	NOUN	5	tubitak|meb|literature	Health & Medicine	diseases
cama çıkmak	VERB	5	literature	Education & Language	idioms
canından bezmek	VERB	5	meb|literature	Education & Language	idioms
çekip almak	VERB	5	video	Education & Language	idioms
cenazeyi kaldırmak	VERB	5	meb|literature	Education & Language	idioms
çığırından çıkmak	VERB	5	video|literature	Education & Language	idioms
dal budak salmak	VERB	5	meb|literature	Education & Language	idioms
davetiye çıkarmak	VERB	5	video|literature	Education & Language	idioms
değişiklik yapmak	VERB	5	tubitak|meb|literature	Other	other
devam filmi	NOUN	5	video	Arts, Media & Entertainment	cinema
didik didik etmek	VERB	5	tubitak|literature	Education & Language	idioms
dijital dünya	NOUN	5	tubitak|video|literature	Science & Technology	information technologies
diline takılmak	VERB	5	tubitak|video	Education & Language	idioms
dişini tırnağına takmak	VERB	5	video|literature	Education & Language	idioms
duman almak	VERB	5	meb	Education & Language	idioms
ekmeğini kazanmak	VERB	5	literature	Personality, Values & Behavior	diligence
ekran görüntüsü	NOUN	5	video|tubitak	Science & Technology	technology
eline fırsat geçmek	VERB	5	literature	Education & Language	idioms
Fatiha okumak	VERB	5	video|literature	History, Politics & Religion	religion
fidan gibi	NA	5	tubitak|meb|literature	Personality, Values & Behavior	appearance
fırça atmak	VERB	5	video|literature	Education & Language	idioms
gölge düşürmek	VERB	5	tubitak|literature	Education & Language	idioms
gözünün önünden gitmemek	VERB	5	meb|video|literature	Education & Language	idioms
gündeme getirmek	VERB	5	tubitak|video	Education & Language	idioms
güreş minderi	NOUN	5	video	Sports, Games & Recreation	sports
havale etmek	VERB	5	literature	Other	other
hop oturup hop kalkmak	VERB	5	literature	Education & Language	idioms
hor kullanmak	VERB	5	meb|literature	Education & Language	idioms
içine dokunmak	VERB	5	tubitak|video|literature	Emotions & Mental Processes	emotions
içine kurt düşmek	VERB	5	video|literature	Education & Language	idioms
iftihar etmek	VERB	5	literature	Emotions & Mental Processes	emotions
iki yakası bir araya gelmemek	VERB	5	literature	Education & Language	idioms
imdada koşmak	VERB	5	literature	Education & Language	idioms
ipliği pazara çıkmak	VERB	5	tubitak|meb|video|literature	Education & Language	idioms
irtibat kurmak	VERB	5	video|literature	Education & Language	idioms
işi yokuşa sürmek	VERB	5	video|literature	Education & Language	idioms
itiş kakış	NOUN	5	video|literature	Violence & Conflict	violence
kabuk tutmak	VERB	5	tubitak|video|literature	Education & Language	idioms
kafasını toplamak	VERB	5	video|literature	Education & Language	idioms
kan alacak damarı bilmek	VERB	5	tubitak	Education & Language	idioms
karış karış dolaşmak	VERB	5	tubitak|meb|literature	Education & Language	idioms
kefeni boynunda olmak	VERB	5	tubitak|literature	Education & Language	idioms
kendi ayağı ile gelmek	VERB	5	video	Education & Language	idioms
kendi gölgesinden korkmak	VERB	5	video|literature	Education & Language	idioms
kendi hesabana çalışmak	VERB	5	tubitak|saha|video	Education & Language	idioms
kendi kendini yemek	VERB	5	tubitak|video|literature	Education & Language	idioms
kepçe gibi	NA	5	tubitak|saha	Education & Language	idioms
kervana katılmak	VERB	5	literature	Education & Language	idioms
külahıma anlat!	NA	5	video|literature	Education & Language	idioms
laf altında kalmamak	VERB	5	literature	Education & Language	idioms
lezzet almak	VERB	5	literature	Education & Language	idioms
mağdur etmek	VERB	5	meb|video	Education & Language	idioms
mahalleyi ayağa kaldırmak	VERB	5	video|literature	Education & Language	idioms
mahkemeye vermek	VERB	5	video|literature	Education & Language	idioms
maruz bırakmak	VERB	5	tubitak|meb|literature	Education & Language	idioms
maşa varken elini yakmak	VERB	5	video	Education & Language	idioms
meclis kurmak	VERB	5	meb|video|literature	Education & Language	idioms
mesai yapmak	VERB	5	video|literature	Work & Economy	duties
mesaiye kalmak	VERB	5	video	People & Relationships	responsibilities
mideye oturmak	VERB	5	video|literature	Education & Language	idioms
misafir kalmak	VERB	5	video|literature	Education & Language	idioms
mühür basmak	VERB	5	tubitak|meb|literature	Education & Language	idioms
mülakat yapmak	VERB	5	video|literature	Other	other
nabız yoklamak	VERB	5	literature	Education & Language	idioms
nabzını saymak	VERB	5	tubitak|video	Health & Medicine	medicine
nefes aldırmamak	VERB	5	tubitak|video|literature	Education & Language	idioms
nutku tutulmak	VERB	5	literature	Education & Language	idioms
ölçülü olmak	VERB	5	meb|literature	Personality, Values & Behavior	behavior
ömrü uzamak	VERB	5	tubitak|meb|video|literature	Education & Language	idioms
para kesmek	VERB	5	meb|video	Work & Economy	financial concepts
para yemek	VERB	5	video|literature	Work & Economy	financial concepts
parmaklarını yemek	VERB	5	video|literature	Food & Nutrition	dishes
pişmiş kelle gibi sırıtmak	VERB	5	literature	Education & Language	idioms
pusulayı şaşırmak	VERB	5	literature	Education & Language	idioms
pusuya düşmek	VERB	5	literature	Education & Language	idioms
put kesilmek	VERB	5	literature	Education & Language	idioms
rehin almak	VERB	5	video|literature	Education & Language	idioms
rest çekmek	VERB	5	literature	Education & Language	idioms
reva görmek	VERB	5	literature	Education & Language	idioms
ruhunu teslim etmek	VERB	5	literature	Education & Language	idioms
rüyasında bile görmemek	VERB	5	video|literature	Education & Language	idioms
sakal bırakmak	VERB	5	tubitak|video|literature	Personality, Values & Behavior	appearance
sandık başına gitmek	VERB	5	meb|literature	History, Politics & Religion	politics
sebebiyet vermek	VERB	5	video|literature	Education & Language	idioms
selam çakmak	VERB	5	video|literature	Education & Language	idioms
senli benli olmak	VERB	5	literature	Education & Language	idioms
siber zorbalık	NOUN	5	video	Personality, Values & Behavior	bullying
sinek avlamak	VERB	5	tubitak|literature	Work & Economy	financial concepts
strese girmek	VERB	5	tubitak|literature	Education & Language	idioms
su gibi gitmek	VERB	5	video|literature	Education & Language	idioms
sürüden ayrılanı kurt kapar	NA	5	literature	Education & Language	proverbs
tadı tuzu kalmamak	VERB	5	literature	Education & Language	idioms
tahrik etmek	VERB	5	video|literature	Personality, Values & Behavior	behavior
takviye etmek	VERB	5	literature	Education & Language	idioms
taş çıkartmak	VERB	5	meb|video|literature	Education & Language	idioms
tatbik etmek	VERB	5	video|literature	Other	other
telaşa düşmek	VERB	5	literature	Education & Language	idioms
telef etmek	VERB	5	video|literature	Education & Language	idioms
tertip etmek	VERB	5	literature	Other	other
tırnak göstermek	VERB	5	tubitak|video	Personality, Values & Behavior	behavior
toplumsal dayanışma	NOUN	5	meb|literature	Personality, Values & Behavior	helpfulness
uçan kuşa borcu olmak	VERB	5	video|literature	Work & Economy	financial concepts
ulusal bayram	NOUN	5	tubitak|meb	History, Politics & Religion	national holidays
üstüne varmak	VERB	5	meb|video|literature	Education & Language	idioms
utanç duymak	VERB	5	tubitak|meb|literature	Emotions & Mental Processes	emotions
vakit öldürmek	VERB	5	video|literature	Education & Language	idioms
vasiyet etmek	VERB	5	tubitak|literature	Other	other
yaraya merhem olmak	VERB	5	literature	Education & Language	idioms
yaş yere basmamak	VERB	5	video|literature	Education & Language	idioms
yerli turist	NOUN	5	video|literature	Transportation, Travel & Safety	travel
yoğun bakım	NOUN	5	tubitak|saha|video|literature	Health & Medicine	hospital
yüreği dayanmamak	VERB	5	video|literature	Education & Language	idioms
yüreği hop etmek	VERB	5	literature	Education & Language	idioms
yüreğine su serpmek	VERB	5	literature	Education & Language	idioms
zaman kollamak	VERB	5	video|literature	Education & Language	idioms
zar tutmak	VERB	5	video	Education & Language	idioms
zırıl zırıl	NOUN	5	video|literature	Sound & Communication Phenomena	sounds
açmaza düşmek	VERB	4	literature	Other	other
ah etmek	VERB	4	video|literature	Emotions & Mental Processes	emotions
akla karayı seçmek	VERB	4	literature	Education & Language	idioms
aklına esmek	VERB	4	video|literature	Emotions & Mental Processes	intelligence and reasoning
aklını karıştırmak	VERB	4	tubitak|video|literature	Emotions & Mental Processes	intelligence and reasoning
alın teri dökmek	VERB	4	video|literature	Personality, Values & Behavior	diligence
alıp başını gitmek	VERB	4	video|literature	People & Relationships	responsibilities
amma velakin	CCONJ	4	video|literature	Education & Language	grammar
ana öğün	NOUN	4	meb|video	Food & Nutrition	dishes
ana yüreği	NOUN	4	video|literature	Personality, Values & Behavior	love
aracılık etmek	VERB	4	tubitak|meb|literature	Other	other
arka kapıdan çıkmak	VERB	4	meb|video	Education & Language	idioms
arkadan vurmak	VERB	4	tubitak|literature	Education & Language	idioms
ayaklar altına almak	VERB	4	video|literature	Education & Language	idioms
belini kırmak	VERB	4	video|literature	Education & Language	idioms
beşamel sos	NOUN	4	video|literature	Food & Nutrition	dishes
bir köşeye çekilmek	VERB	4	literature	Education & Language	idioms
bir yaşına daha girmek	VERB	4	video|literature	Education & Language	idioms
bıçak kemiğe dayanmak	VERB	4	video|literature	Personality, Values & Behavior	patience
boğazı kurumak	VERB	4	video|literature	Education & Language	idioms
boy göstermek	VERB	4	tubitak|video|literature	Education & Language	idioms
bunalıma girmek	VERB	4	video|literature	Emotions & Mental Processes	emotions
cahil kalmak	VERB	4	video|literature	Education & Language	idioms
cana can katmak	VERB	4	literature	Education & Language	idioms
canı gibi sevmek	VERB	4	literature	Personality, Values & Behavior	love
cebine indirmek	VERB	4	literature	Personality, Values & Behavior	morality
çiğ süt emmiş	NA	4	video	Education & Language	idioms
cinayet işlemek	VERB	4	saha|literature	Violence & Conflict	violence
çığ gibi büyümek	VERB	4	video|literature	Education & Language	idioms
dava açmak	VERB	4	video|literature	Education & Language	idioms
dava etmek	VERB	4	video	Education & Language	idioms
dili açılmak	VERB	4	video	Education & Language	idioms
Dingo'nun ahırı	NA	4	tubitak	Education & Language	idioms
edebî eser	NOUN	4	tubitak|literature	Literature & Publishing	language and literature
el basmak	VERB	4	saha|meb|video|literature	Education & Language	idioms
etek öpmek	VERB	4	literature	Education & Language	idioms
fatura kesmek	VERB	4	video	Work & Economy	financial concepts
felah bulmak	VERB	4	literature	Education & Language	idioms
figan etmek	VERB	4	literature	Education & Language	idioms
fildişi gibi	NA	4	tubitak	Personality, Values & Behavior	appearance
fırsattan istifade etmek	VERB	4	video	Education & Language	idioms
gerekçe göstermek	VERB	4	literature	Other	other
göbeği çatlamak	VERB	4	video|literature	Education & Language	idioms
gözü kesmek	VERB	4	video|literature	Education & Language	idioms
güvence vermek	VERB	4	meb	Education & Language	idioms
had safha	NOUN	4	literature	Other	other
hallaç pamuğu gibi atmak	VERB	4	literature	Education & Language	idioms
hayat memat meselesi	NOUN	4	literature	Education & Language	idioms
hayat memat meselesi olmak	VERB	4	literature	Education & Language	idioms
içeri tıkmak	VERB	4	video	Other	other
içi daralmak	VERB	4	video|literature	Education & Language	idioms
içi sıkılmak	VERB	4	video|literature	Education & Language	idioms
içine sindirmek	VERB	4	literature	Education & Language	idioms
içine su serpmek	VERB	4	video|literature	Education & Language	idioms
içini kemirmek	VERB	4	literature	Education & Language	idioms
içinin yağı erimek	VERB	4	video|literature	Education & Language	idioms
iftira etmek	VERB	4	meb|video|literature	Personality, Values & Behavior	morality
iki arada bir derede	NA	4	literature	Education & Language	idioms
iki arada kalmak	VERB	4	video|literature	Education & Language	idioms
iki çift laf etmek	VERB	4	video|literature	Education & Language	idioms
iki dirhem bir çekirdek	NA	4	tubitak|literature	Education & Language	idioms
iki paralık etmek	VERB	4	meb|literature	Education & Language	idioms
ikisi bir kapıya çıkmak	VERB	4	video	Education & Language	idioms
ilaç gibi gelmek	VERB	4	meb|video	Education & Language	idioms
ilgi toplamak	VERB	4	tubitak|meb	Education & Language	idioms
imtihan etmek	VERB	4	video|literature	Education & Language	idioms
imza toplamak	VERB	4	literature	Other	other
insan ayağı basmamış	NA	4	tubitak	Nature & Living Things	environment
insan eli değmemiş	NA	4	meb|literature	Nature & Living Things	environment
iş etmek	VERB	4	video|literature	Personality, Values & Behavior	behavior
iskelet gibi	NA	4	tubitak|video|literature	Personality, Values & Behavior	appearance
işleme koymak	VERB	4	tubitak|meb	Education & Language	idioms
iştah kesmek	VERB	4	meb|video|literature	Education & Language	idioms
isyanları oynamak	VERB	4	tubitak|meb|literature	Personality, Values & Behavior	behavior
ithaf etmek	VERB	4	meb|video	Other	other
itişip kakışmak	VERB	4	video|literature	Violence & Conflict	violence
iyiliği dokunmak	VERB	4	literature	Education & Language	idioms
jest yapmak	VERB	4	video|literature	Personality, Values & Behavior	behavior
karnından söylemek	VERB	4	video|literature	Education & Language	idioms
kedinin ciğere baktığı gibi	NA	4	literature	Education & Language	idioms
kehanette bulunmak	VERB	4	tubitak|video	Education & Language	idioms
kelek atmak	VERB	4	meb	Education & Language	idioms
keman gibi	NA	4	tubitak|video|literature	Education & Language	idioms
kendimi bildim bileli	NOUN	4	video|literature	Education & Language	idioms
kendini dev aynasında görmek	VERB	4	literature	Education & Language	idioms
kepaze olmak	VERB	4	literature	Education & Language	idioms
kerem eyleyin	NA	4	meb|literature	Personality, Values & Behavior	behavior
keyif çatmak	VERB	4	video|literature	Education & Language	idioms
kin tutmak	VERB	4	literature	Education & Language	idioms
kökünden halletmek	VERB	4	video|literature	Education & Language	idioms
kökünü kazımak	VERB	4	literature	Education & Language	idioms
kol kolamak	VERB	4	video	Education & Language	idioms
küçük abdesti gelmek	VERB	4	meb|video	Education & Language	idioms
kül gibi	NA	4	tubitak|literature	Education & Language	idioms
kulağı ağır işitmek	VERB	4	literature	Education & Language	idioms
kulakları patlamak	VERB	4	literature	Education & Language	idioms
külünü savurmak	VERB	4	video|literature	Education & Language	idioms
kürdan gibi	NA	4	tubitak|meb|literature	Personality, Values & Behavior	appearance
kurt köpeği	NOUN	4	video	Nature & Living Things	animals
kurtlarını dökmek	VERB	4	video	Education & Language	idioms
kuru pasta	NOUN	4	video	Food & Nutrition	food and drinks
kusur işlemek	VERB	4	tubitak|video|literature	Education & Language	idioms
kuvvetini toplamak	VERB	4	literature	Education & Language	idioms
laf dinlemek	VERB	4	video	Education & Language	idioms
lafını bilmek	VERB	4	video|literature	Education & Language	idioms
lal etmek	VERB	4	tubitak|meb|literature	Education & Language	idioms
lala paşa eğlendirmek	VERB	4	tubitak|video|literature	Education & Language	idioms
makbule geçmek	VERB	4	video	Education & Language	idioms
masraf etmek	VERB	4	video|literature	Work & Economy	financial concepts
masrafa girmek	VERB	4	meb|literature	Work & Economy	financial concepts
mazhar olmak	VERB	4	video|literature	Education & Language	idioms
mekik dokumak	VERB	4	literature	Education & Language	idioms
merdiven dayamak	VERB	4	literature	Education & Language	idioms
merhaba çakmak	VERB	4	video	Education & Language	idioms
merhamet duymak	VERB	4	meb|literature	Emotions & Mental Processes	emotions
meteliğe kurşun atmak	VERB	4	meb|literature	Work & Economy	financial concepts
meydana koymak	VERB	4	meb|literature	Other	other
meyveye durmak	VERB	4	literature	Education & Language	idioms
mezada koymak	VERB	4	literature	Personal Care & Consumer Life	shopping
mezardan çıkarmak	VERB	4	tubitak|video	Education & Language	idioms
millî sporcu	NOUN	4	tubitak|literature	Sports, Games & Recreation	sports
mim yapıştırmak	VERB	4	tubitak|video	Education & Language	idioms
muhalefet etmek	VERB	4	literature	Education & Language	idioms
mum olmak	VERB	4	meb|video|literature	Education & Language	idioms
münasip bulmak	VERB	4	video|literature	Education & Language	idioms
nalları dikmek	VERB	4	video	Education & Language	idioms
namusuna sinek kondurmamak	VERB	4	video	Education & Language	idioms
nasır bağlamak	VERB	4	video|literature	Education & Language	idioms
nefesi daralmak	VERB	4	literature	Education & Language	idioms
nefesi tutulmak	VERB	4	literature	Education & Language	idioms
nutuk atmak	VERB	4	literature	Education & Language	idioms
o kapı senin bu kapı benim	NA	4	video	Education & Language	idioms
okulu asmak	VERB	4	video	Education & Language	school
okulu kırmak	VERB	4	meb|video|literature	Education & Language	school
öpücük göndermek	VERB	4	video|literature	Education & Language	idioms
otomatiğe almak	VERB	4	video	Education & Language	idioms
oyun bağlamak	VERB	4	tubitak|literature	Sports, Games & Recreation	children's games
pabucunu ters giydirmek	VERB	4	tubitak|video|literature	Education & Language	idioms
pratik zekâ	NOUN	4	video	Emotions & Mental Processes	intelligence and reasoning
rafa koymak	VERB	4	video	Education & Language	idioms
rağbet etmek	VERB	4	meb|literature	Education & Language	idioms
sabahı zor etmek	VERB	4	literature	Education & Language	idioms
saman gibi	NA	4	tubitak|saha	Education & Language	idioms
sanat filmi	NOUN	4	video	Arts, Media & Entertainment	cinema
sarmaş dolaş olmak	VERB	4	literature	Education & Language	idioms
şart koşmak	VERB	4	video|literature	Education & Language	idioms
seferber etmek	VERB	4	video|literature	Education & Language	idioms
şeytana uymak	VERB	4	saha|video|literature	Education & Language	idioms
sınırlı kalmak	VERB	4	tubitak|literature	Education & Language	idioms
söz altında kalmamak	VERB	4	video	Education & Language	idioms
su yüzüne çıkmak	VERB	4	tubitak|meb|video|literature	Education & Language	idioms
şüpheye düşmek	VERB	4	video|literature	Education & Language	idioms
taciz etmek	VERB	4	video	Personality, Values & Behavior	bullying
tadilat yapmak	VERB	4	meb|literature	Other	other
tahliye olmak	VERB	4	meb	Earth, Geography & Natural Phenomena	disasters
tahtası eksik	NOUN	4	video|literature	Emotions & Mental Processes	intelligence and reasoning
tercüman olmak	VERB	4	video|literature	Education & Language	idioms
ters yüz geri dönmek	VERB	4	tubitak|video	Education & Language	idioms
tescil etmek	VERB	4	tubitak|meb|literature	Other	other
teşebbüs etmek	VERB	4	video|literature	Other	other
uğraş vermek	VERB	4	tubitak|literature	Education & Language	idioms
ulusal marş	NOUN	4	meb	Places & Settlements	nations
uzun sözün kısası	NA	4	tubitak	Education & Language	fixed expressions
vaatte bulunmak	VERB	4	video|literature	Personality, Values & Behavior	behavior
velveleye vermek	VERB	4	literature	Education & Language	idioms
yan gelip yatmak	VERB	4	literature	Education & Language	idioms
yan gözle bakmak	VERB	4	video|literature	Education & Language	idioms
yankı uyandırmak	VERB	4	tubitak|literature	Education & Language	idioms
yardımcı oyuncu	NOUN	4	tubitak	Arts, Media & Entertainment	cinema
yatak yorgan yatmak	VERB	4	video	Health & Medicine	diseases
yaygarayı basmak	VERB	4	literature	Sound & Communication Phenomena	sounds
yedeğe almak	VERB	4	video|literature	Education & Language	idioms
yedi düvelle barışık	NA	4	literature	Personality, Values & Behavior	personality
yer yarılıp içine girmek	VERB	4	video	Education & Language	idioms
yılanın kuyruğuna basmak	VERB	4	literature	Education & Language	idioms
yılıdz tornavida	NOUN	4	tubitak|saha|video	Objects, Tools & Physical Things	tools
yol iz bilmek	VERB	4	literature	Education & Language	idioms
yumurta kapıya dayanmak	VERB	4	literature	Education & Language	idioms
yüreğine işlemek	VERB	4	literature	Education & Language	idioms
yüreğini hoplatmak	VERB	4	literature	Emotions & Mental Processes	emotions
yuvasını yıkmak	VERB	4	video|literature	Education & Language	idioms
yüzü suyu hürmetine	NA	4	literature	Education & Language	idioms
zekâ oyunu	NOUN	4	saha|meb|video|literature	Emotions & Mental Processes	intelligence and reasoning
zokayı yutmak	VERB	4	literature	Education & Language	idioms
aç susuz kalmak	VERB	3	literature	Education & Language	idioms
açık adres	NOUN	3	video|literature	Other	other
açık alın	NOUN	3	meb|video|literature	Other	other
adı batsın	NA	3	tubitak	Education & Language	idioms
adını ağzına almak	VERB	3	video|literature	Emotions & Mental Processes	anger
aforoz etmek	VERB	3	literature	Education & Language	idioms
ağzı süt kokmak	VERB	3	literature	Education & Language	idioms
ağzından girip burnundan çıkmak	VERB	3	literature	Education & Language	idioms
ağzının tadını bilmek	VERB	3	video	Education & Language	idioms
ant içmek	VERB	3	video	Personality, Values & Behavior	loyalty
askıya almak	VERB	3	meb|video|literature	Education & Language	idioms
at oynatmak	VERB	3	literature	Education & Language	idioms
ateşle oynamak	VERB	3	meb|video	Education & Language	idioms
baş başa olmak	VERB	3	tubitak|literature	Education & Language	idioms
basamak yapmak	VERB	3	tubitak|meb|video	Education & Language	idioms
baskı altında tutmak	VERB	3	literature	Personality, Values & Behavior	bullying
beyanat vermek	VERB	3	meb|literature	Personality, Values & Behavior	behavior
beyni sulanmak	VERB	3	video|literature	Education & Language	idioms
bir dediği iki olmamak	VERB	3	video	Education & Language	idioms
boğazına sarılmak	VERB	3	literature	Violence & Conflict	violence
boş küme	NOUN	3	video	Education & Language	terms
boykot etmek	VERB	3	video|literature	Personality, Values & Behavior	behavior
burnunun direği kırılmak	VERB	3	video	Education & Language	idioms
çağlamadan çatlamak	VERB	3	tubitak|video|literature	Education & Language	idioms
çalım atmak	VERB	3	literature	Education & Language	idioms
çalım satmak	VERB	3	literature	Education & Language	idioms
can alıcı nokta	NOUN	3	tubitak|literature	Other	other
canı cehenneme	NA	3	video|literature	Emotions & Mental Processes	anger
canlı müzik	NOUN	3	tubitak|meb	Arts, Media & Entertainment	music
çaptan düşmek	VERB	3	meb|video|literature	Education & Language	idioms
çark etmek	VERB	3	literature	Education & Language	idioms
cenaze gibi	NA	3	saha|meb	Education & Language	idioms
çift koşmak	VERB	3	video|literature	Education & Language	idioms
cin gibi	NA	3	video	Education & Language	idioms
çivi çiviyi söker	NA	3	video	Education & Language	proverbs
dananın kuyruğu kopmak	VERB	3	literature	Education & Language	idioms
defter tutmak	VERB	3	tubitak|literature	Education & Language	idioms
dilinden kurtulamamak	VERB	3	literature	Education & Language	idioms
diline dolamak	VERB	3	literature	Education & Language	idioms
direktif vermek	VERB	3	literature	Work & Economy	duties
dize gelmek	VERB	3	video	Education & Language	idioms
dolup taşmak	VERB	3	tubitak|meb|literature	Education & Language	idioms
düşman çatlatmak	VERB	3	video|literature	Education & Language	idioms
düşmanlık etmek	VERB	3	meb|literature	Personality, Values & Behavior	behavior
ehil olmak	VERB	3	literature	Personality, Values & Behavior	behavior
eteği ayağına dolaşmak	VERB	3	tubitak|literature	Education & Language	idioms
etliye sütlüye karışmamak	VERB	3	literature	Education & Language	idioms
ezilip büzülmek	VERB	3	literature	Education & Language	idioms
façasını al aşağı etmek	VERB	3	tubitak	Education & Language	idioms
faka basmak	VERB	3	literature	Education & Language	idioms
felsefe yapmak	VERB	3	tubitak|literature	Education & Language	idioms
fırça çekmek	VERB	3	video	Education & Language	idioms
fırsat beklemek	VERB	3	video|literature	Education & Language	idioms
gına gelmek	VERB	3	video	Education & Language	idioms
gıpta etmek	VERB	3	video|literature	Emotions & Mental Processes	emotions
görmezden gelmek	VERB	3	meb|video|literature	Personality, Values & Behavior	behavior
gün yüzü görmemek	VERB	3	video|literature	Education & Language	idioms
hayır işlemek	VERB	3	meb|video	History, Politics & Religion	religion
hazır çorba	NOUN	3	tubitak|meb|literature	Food & Nutrition	dishes
hem suçlu hem güçlü	NA	3	video	Education & Language	idioms
hidayete ermek	VERB	3	literature	Education & Language	idioms
hır çıkarmak	VERB	3	literature	Education & Language	idioms
hoşnut etmek	VERB	3	video|literature	Emotions & Mental Processes	emotions
hüsrana uğramak	VERB	3	video	Education & Language	idioms
içine daralma gelmek	VERB	3	video|literature	Emotions & Mental Processes	emotions
iğne atsan yere düşmez	NA	3	literature	Education & Language	idioms
ihtisas yapmak	VERB	3	video|literature	Education & Language	education
iki ayağını bir pabuca sokmak	VERB	3	literature	Education & Language	idioms
iki seksen uzanmak	VERB	3	literature	Education & Language	idioms
iki sözü bir araya getirememek	VERB	3	literature	Education & Language	idioms
ileri geçmek	VERB	3	video|literature	Education & Language	idioms
insan eli dokunmamış	NA	3	tubitak	Personality, Values & Behavior	appearance
intikal etmek	VERB	3	video|literature	Education & Language	idioms
iş sarpa sarmak	VERB	3	literature	Education & Language	idioms
isim yapmak	VERB	3	meb|literature	Education & Language	idioms
iskeleti çıkmak	VERB	3	tubitak|video	Education & Language	idioms
iştahı kabarmak	VERB	3	video|literature	Education & Language	idioms
iştahını kabartmak	VERB	3	video|literature	Education & Language	idioms
iştirak etmek	VERB	3	literature	Other	other
istismar etmek	VERB	3	video|literature	Personality, Values & Behavior	bullying
ızgara köfte	NOUN	3	tubitak|meb|video	Food & Nutrition	dishes
kabuk bağlamak	VERB	3	tubitak|video|literature	Education & Language	idioms
kafayı üşütmek	VERB	3	video|literature	Emotions & Mental Processes	intelligence and reasoning
kalbi sızlamak	VERB	3	video|literature	Emotions & Mental Processes	emotions
kaleme sarılmak	VERB	3	literature	Education & Language	idioms
kalemiyle geçinmek	VERB	3	tubitak	Education & Language	idioms
kan revan içinde kalmak	VERB	3	literature	Education & Language	idioms
kanlı yaş dökmek	VERB	3	meb|literature	Education & Language	idioms
karamsar olmak	VERB	3	video|literature	Emotions & Mental Processes	emotions
karara bağlamak	VERB	3	tubitak|meb|literature	Education & Language	idioms
kardeş şehir	NOUN	3	meb	Places & Settlements	city
kaskatı kesilmek	VERB	3	literature	Education & Language	idioms
kaza atlatmak	VERB	3	tubitak|meb|literature	Education & Language	idioms
kehribar gibi	NA	3	tubitak|video	Education & Language	idioms
kelle koltukta gezmek	VERB	3	literature	Education & Language	idioms
kellesinden olmak	VERB	3	literature	Education & Language	idioms
kellesini koltuğuna almak	VERB	3	literature	Education & Language	idioms
kellesini koltuğunun altına almak	VERB	3	tubitak|literature	Education & Language	idioms
kendine dert etmek	VERB	3	literature	Education & Language	idioms
kendini bir şey sanmak	VERB	3	video|literature	Education & Language	idioms
kendini paralamak	VERB	3	video|literature	Education & Language	idioms
kendini sıyıramamak	VERB	3	video	Education & Language	idioms
kene gibi yapışmak	VERB	3	video|literature	Education & Language	idioms
kenet gibi yapışmak	VERB	3	video|literature	People & Relationships	friendship
kitap devirmek	VERB	3	tubitak|literature	Education & Language	idioms
kılını bile kıpırdatmamak	VERB	3	tubitak|literature	Education & Language	idioms
kökü kurumak	VERB	3	video	Education & Language	idioms
konferans vermek	VERB	3	tubitak|literature	Other	other
küçük köyün büyük ağası	NA	3	video	Education & Language	idioms
kül ufak olmak	VERB	3	video	Education & Language	idioms
kulağı duvar olmak	VERB	3	video|literature	Education & Language	idioms
kulağı kirişte olmak	VERB	3	video|literature	Education & Language	idioms
külah peşinde olmak	VERB	3	video	Education & Language	idioms
kürünü kırmak	VERB	3	video|literature	Education & Language	idioms
laf çıkmak	VERB	3	video|literature	Education & Language	idioms
lafı geçmek	VERB	3	video|literature	Education & Language	idioms
lanet etmek	VERB	3	video|literature	Education & Language	idioms
lanet okumak	VERB	3	literature	Education & Language	idioms
macera aramak	VERB	3	video	Education & Language	idioms
mahcup olmak	VERB	3	video|literature	Emotions & Mental Processes	emotions
mahkeme açmak	VERB	3	video|literature	Education & Language	idioms
mahşer gibi	NA	3	video|literature	Education & Language	idioms
maktul olmak	VERB	3	video	Education & Language	idioms
mal kapatmak	VERB	3	video|literature	Education & Language	idioms
manda gibi	NA	3	video	Education & Language	idioms
manda gibi yemek	VERB	3	video	Education & Language	idioms
mantar atmak	VERB	3	tubitak|meb	Education & Language	idioms
manzara koymak	VERB	3	tubitak|literature	Other	other
mars etmek	VERB	3	video	Education & Language	idioms
masada kalmak	VERB	3	tubitak|literature	Education & Language	idioms
maskesini düşürmek	VERB	3	video	Education & Language	idioms
masraf görmek	VERB	3	meb|literature	Personal Care & Consumer Life	shopping
mayın döşemek	VERB	3	tubitak|video|literature	Education & Language	idioms
maymuna dönmek	VERB	3	video|literature	Education & Language	idioms
medeni kanun	NOUN	3	meb	Education & Language	terms
mektubu dışından okumak	VERB	3	tubitak|saha	Education & Language	idioms
mendil atmak	VERB	3	meb|literature	Education & Language	idioms
meraka sokmak	VERB	3	video	Emotions & Mental Processes	emotions
mercek altına almak	VERB	3	tubitak|literature	Education & Language	idioms
mevcut olmak	VERB	3	literature	Other	other
midesi kaldırmamak	VERB	3	video	Education & Language	idioms
midesi kaynamak	VERB	3	saha|literature	Education & Language	idioms
millî irade	NOUN	3	meb	People & Relationships	culture and society
millî takım	NOUN	3	tubitak	Sports, Games & Recreation	sports
model çıkarmak	VERB	3	tubitak|video	Education & Language	idioms
motoru bozmak	VERB	3	tubitak	Health & Medicine	diseases
murat almak	VERB	3	meb|video	Education & Language	idioms
mürekkep yalamak	VERB	3	video|literature	Education & Language	idioms
mutlu kılmak	VERB	3	video|literature	Emotions & Mental Processes	emotions
nadasa bırakmak	VERB	3	tubitak|literature	Education & Language	idioms
nasihatte bulunmak	VERB	3	literature	Education & Language	idioms
necat bulmak	VERB	3	video	Education & Language	idioms
nefret uyanmak	VERB	3	video	Emotions & Mental Processes	emotions
neşesini bulmak	VERB	3	literature	Education & Language	idioms
nişanı atmak	VERB	3	literature	Personality, Values & Behavior	behavior
not kırmak	VERB	3	literature	Education & Language	idioms
nutuk çekmek	VERB	3	literature	Education & Language	idioms
oğul çıkarmak	VERB	3	video|literature	Education & Language	idioms
öksürük tutmak	VERB	3	literature	Health & Medicine	diseases
öksüz kalmak	VERB	3	video|literature	People & Relationships	family
oltaya takılmak	VERB	3	meb|video|literature	Education & Language	idioms
oltayı yutmak	VERB	3	video|literature	Education & Language	idioms
ölüm kalım savaşı	NOUN	3	meb|literature	Education & Language	idioms
ölüme koşmak	VERB	3	video|literature	Education & Language	idioms
önüne bir kemik atmak	VERB	3	video	Education & Language	idioms
öperken ısırmak	VERB	3	video	Education & Language	idioms
oralı bile olmamak	VERB	3	meb|literature	Education & Language	idioms
ortama uymak	VERB	3	meb|video|literature	Education & Language	idioms
öz geçmiş	NOUN	3	meb|video|literature	Other	other
pas geçmek	VERB	3	tubitak|video	Education & Language	idioms
pastırma yazı	NOUN	3	video	Time, Numbers & Measurement	seasons
pat küt	NOUN	3	saha|video|literature	Violence & Conflict	violence
peyda olmak	VERB	3	literature	Education & Language	idioms
pişkinliğe vurmak	VERB	3	literature	Education & Language	idioms
promosyon yapmak	VERB	3	video	Personal Care & Consumer Life	shopping
pupa yelken gitmek	VERB	3	literature	Education & Language	idioms
riayet etmek	VERB	3	video|literature	Other	other
ruhu bile duymamak	VERB	3	tubitak|literature	Education & Language	idioms
saç sakal birbirine karışmak	VERB	3	video|literature	Personality, Values & Behavior	appearance
safra bastırmak	VERB	3	tubitak	Education & Language	idioms
sahneye koymak	VERB	3	tubitak	Arts, Media & Entertainment	theater
salık vermek	VERB	3	video|literature	Education & Language	idioms
salkım saçak	NOUNJ	3	literature	Education & Language	idioms
saltanat sürmek	VERB	3	literature	Education & Language	idioms
saman altından su yürütmek	VERB	3	literature	Education & Language	idioms
sansür etmek	VERB	3	video	Arts, Media & Entertainment	media
sarakaya almak	VERB	3	literature	Education & Language	idioms
satılığa çıkarmak	VERB	3	meb	Personal Care & Consumer Life	shopping
satışa çıkarmak	VERB	3	tubitak|video|literature	Personal Care & Consumer Life	shopping
şeref vermek	VERB	3	video|literature	Education & Language	idioms
sermaye etmek	VERB	3	meb|literature	Work & Economy	financial concepts
ses seda çıkmamak	VERB	3	literature	Sound & Communication Phenomena	sounds
şeytanın bacağını kırmak	VERB	3	video	Education & Language	idioms
sivil polis	NOUN	3	video	Work & Economy	occupations
sıcak bastırmak	VERB	3	tubitak|literature	Earth, Geography & Natural Phenomena	meteorology
sıfırı tüketmek	VERB	3	video|literature	Education & Language	idioms
sıkıntı basmak	VERB	3	literature	Education & Language	idioms
şıp diye anlamak	VERB	3	literature	Emotions & Mental Processes	intelligence and reasoning
sırım gibi	NA	3	literature	Personality, Values & Behavior	appearance
soğuk almak	VERB	3	video|literature	Health & Medicine	diseases
soluğu kesilmek	VERB	3	tubitak|literature	Education & Language	idioms
strese sokmak	VERB	3	video|literature	Education & Language	idioms
su katılmamış	NOUNJ	3	literature	Education & Language	idioms
tahriş etmek	VERB	3	tubitak|meb	Health & Medicine	body
tan ağarmak	VERB	3	literature	Education & Language	idioms
taş çatlasa	NA	3	video|literature	Education & Language	idioms
taş kesilmek	VERB	3	tubitak|video|literature	Education & Language	idioms
taşa tutmak	VERB	3	video|literature	Education & Language	idioms
tek yürek olmak	VERB	3	meb|literature	Education & Language	idioms
tepki çekmek	VERB	3	video|literature	Education & Language	idioms
tezahür etmek	VERB	3	meb|literature	Other	other
tok evin aç kedisi	NA	3	literature	Education & Language	idioms
türkü çekmek	VERB	3	meb|video|literature	Arts, Media & Entertainment	music
türkü yakmak	VERB	3	meb|literature	Arts, Media & Entertainment	music
tüy dikmek	VERB	3	video|literature	Education & Language	idioms
üçe beşe bakmamak	VERB	3	literature	Education & Language	idioms
vakit kazanmak	VERB	3	video|literature	Time, Numbers & Measurement	time
varlıkta darlık çekmek	VERB	3	literature	Work & Economy	financial concepts
verip veriştirmek	VERB	3	literature	Education & Language	idioms
vur abalıya	NA	3	tubitak|literature	Education & Language	idioms
yağ bağlamak	VERB	3	video|literature	Education & Language	idioms
yanından bile geçmemek	VERB	3	video	Education & Language	idioms
yargısız infaz	NOUN	3	meb	Violence & Conflict	violence
yaşını başını almak	VERB	3	literature	Education & Language	idioms
yorgunluğunu almak	VERB	3	tubitak|literature	Education & Language	idioms
yumurta kapıya gelmek	VERB	3	literature	Education & Language	idioms
yüreği cız etmek	VERB	3	literature	Education & Language	idioms
yüreği ferahlamak	VERB	3	literature	Education & Language	idioms
yüreği kabarmak	VERB	3	literature	Education & Language	idioms
yüreğine od düşmek	VERB	3	literature	Emotions & Mental Processes	emotions
yürürlüğe girmek	VERB	3	tubitak|meb	Education & Language	idioms
yüzü ak çıkmak	VERB	3	literature	Education & Language	idioms
zahmet çekmek	VERB	3	video|literature	Education & Language	idioms
zahmete sokmak	VERB	3	literature	Education & Language	idioms
aba altından değnek göstermek	VERB	2	literature	Violence & Conflict	violence
abdestinden şüphesi olmamak	VERB	2	video|literature	Education & Language	idioms
abesle iştigal etmek	VERB	2	literature	Education & Language	idioms
ablukaya almak	VERB	2	literature	Violence & Conflict	violence
açık hece	NOUN	2	meb	Education & Language	grammar
açık kahverengi	NOUN	2	video|literature	Space, Shapes & Properties	colors
açtı ağzını, yumdu gözünü	NA	2	literature	Education & Language	idioms
ağır aksak	NOUNJ	2	literature	Education & Language	idioms
ağzını yoklamak	VERB	2	literature	Education & Language	idioms
akıl erdirmek	VERB	2	meb	Emotions & Mental Processes	intelligence and reasoning
akıl sır erdirememek	VERB	2	literature	Education & Language	idioms
aklını (bir şeyle) bozmak	VERB	2	video	Education & Language	idioms
al gülüm ver gülüm	NA	2	video	Education & Language	idioms
alacağına şahin, vereceğine karga	NA	2	tubitak	Education & Language	idioms
alıcı gözüyle bakmak	VERB	2	literature	Education & Language	idioms
ankesörlü telefon	NOUN	2	video	Science & Technology	telephone
arkasını getirememek	VERB	2	video	Education & Language	idioms
asıp kesmek	VERB	2	meb	Education & Language	idioms
bakış açısı	NOUN	2	video|literature	Emotions & Mental Processes	intelligence and reasoning
başı göğe ermek	VERB	2	literature	Education & Language	idioms
başı kazan gibi olmak	VERB	2	video|literature	Education & Language	idioms
başıboş bırakmak	VERB	2	meb|literature	Education & Language	idioms
başından aşağı kaynar sular dökülmek	VERB	2	literature	Education & Language	idioms
baz almak	VERB	2	tubitak	Education & Language	idioms
belini doğrultmak	VERB	2	literature	Education & Language	idioms
bina etmek	VERB	2	literature	Other	other
bir baltaya sap olmak	VERB	2	video|literature	Education & Language	idioms
birbirinin gözünü oymak	VERB	2	literature	Education & Language	idioms
boğaz boğaza gelmek	VERB	2	literature	Violence & Conflict	violence
brifing vermek	VERB	2	literature	Other	other
burnundan kıl aldırmamak	VERB	2	literature	Education & Language	idioms
büyük resmi görmek	VERB	2	video	Emotions & Mental Processes	intelligence and reasoning
çağın gerisinde kalmak	VERB	2	video|literature	Education & Language	idioms
can alacak yer	NA	2	video	Education & Language	idioms
can simidi olmak	VERB	2	literature	Education & Language	idioms
canevinden vurulmak	VERB	2	literature	Education & Language	idioms
canı ile oynamak	VERB	2	literature	Education & Language	idioms
canına tak demek	VERB	2	literature	Personality, Values & Behavior	patience
canına yetmek	VERB	2	video	Personality, Values & Behavior	patience
canından bıkmak	VERB	2	video	Education & Language	idioms
canını sokakta bulmak	VERB	2	literature	Health & Medicine	health
çapraz sorgu	NOUN	2	video	Transportation, Travel & Safety	safety rules
çapraza sarmak	VERB	2	literature	Education & Language	idioms
cayırtı koparmak	VERB	2	video|literature	Sound & Communication Phenomena	sounds
cebir kullanmak	VERB	2	tubitak	Personality, Values & Behavior	bullying
cehennem olup gitmek	VERB	2	video|literature	Education & Language	idioms
çene patlatmak	VERB	2	video	Education & Language	idioms
çenesine vurmak	VERB	2	literature	Education & Language	idioms
cesaret gelmek	VERB	2	literature	Education & Language	idioms
cin çarpmışa dönmek	VERB	2	literature	Education & Language	idioms
cıva gibi	NA	2	tubitak	Education & Language	idioms
çomak sokmak	VERB	2	video|literature	Education & Language	idioms
dilinin ucuna gelmek	VERB	2	literature	Education & Language	idioms
dört elle sarılmak	VERB	2	literature	Personality, Values & Behavior	diligence
düş kırıklığına uğramak	VERB	2	tubitak|video	Emotions & Mental Processes	emotions
duyuruda bulunmak	VERB	2	tubitak	Education & Language	idioms
düzen kurmak	VERB	2	literature	Education & Language	idioms
elektronik bilet	NOUN	2	video	Science & Technology	information technologies
elini ayağını öpeyim	NA	2	video|literature	Education & Language	idioms
ferman çıkarmak	VERB	2	literature	Education & Language	idioms
ferman dinlememek	VERB	2	video|literature	Education & Language	idioms
fırsat aramak	VERB	2	meb|literature	Education & Language	idioms
forma girmek	VERB	2	video	Sports, Games & Recreation	sports
foyası meydana çıkmak	VERB	2	literature	Education & Language	idioms
geri plan	NOUN	2	tubitak|meb	Other	other
göğüs geçirmek	VERB	2	literature	Education & Language	idioms
göz nuru dökmek	VERB	2	literature	Personality, Values & Behavior	diligence
gözü hiçbir şey görmemek	VERB	2	tubitak|literature	Education & Language	idioms
güneş yağı	NOUN	2	tubitak	Personal Care & Consumer Life	beauty products
habbeyi kubbe yapmak	VERB	2	literature	Education & Language	idioms
hapis yatmak	VERB	2	video|literature	Education & Language	idioms
hayat memat meselesi yapmak	VERB	2	literature	Education & Language	idioms
haz vermek	VERB	2	literature	Emotions & Mental Processes	emotions
hesaba katmak	VERB	2	tubitak	Education & Language	idioms
heyheyleri üstünde	NA	2	video	Education & Language	idioms
içi açılmak	VERB	2	meb|literature	Education & Language	idioms
içi dışı bir olmak	VERB	2	tubitak|literature	Education & Language	idioms
içi kağşamak	VERB	2	video	Emotions & Mental Processes	emotions
içi kalkmak	VERB	2	meb|video	Education & Language	idioms
içi kan ağlamak	VERB	2	literature	Education & Language	idioms
içi kıyılmak	VERB	2	video	Education & Language	idioms
için için yanmak	VERB	2	literature	Education & Language	idioms
içine kuşku çökmek	VERB	2	literature	Education & Language	idioms
içtikleri su ayrı gitmemek	VERB	2	literature	Education & Language	idioms
iğfal etmek	VERB	2	literature	Personality, Values & Behavior	morality
iğne ipliğe dönmek	VERB	2	literature	Education & Language	idioms
iğne yutmuş ite dönmek	VERB	2	meb	Education & Language	idioms
iki cami arasında kalmış beynamaz	NA	2	literature	Education & Language	idioms
iki eli yakasında olmak	VERB	2	literature	Education & Language	idioms
iki kere iki dört eder	NA	2	meb	Education & Language	idioms
iki paralık olmak	VERB	2	video	Education & Language	idioms
iki söz bir pazar	NA	2	literature	Personal Care & Consumer Life	shopping
iki yakasını bir araya getirememek	VERB	2	literature	Education & Language	idioms
ikinci gelmek	VERB	2	video	Education & Language	idioms
ikmal yapmak	VERB	2	literature	Other	other
ilerisini gerisini düşünmemek	VERB	2	video|literature	Education & Language	idioms
i̇lgi çekmek	VERB	2	saha|literature	Education & Language	idioms
iliklerine işlemek	VERB	2	literature	Education & Language	idioms
illallah demek	VERB	2	video|literature	Education & Language	idioms
illallah etmek	VERB	2	literature	Education & Language	idioms
imkân vermek	VERB	2	meb|literature	Education & Language	idioms
ince eleyip sık dokumak	VERB	2	tubitak|literature	Education & Language	idioms
infilak etmek	VERB	2	literature	Violence & Conflict	violence
inşallahla maşallahla	NA	2	meb	Education & Language	idioms
insan ayağı değmemiş	NA	2	video	Nature & Living Things	environment
intihar etmek	VERB	2	literature	Other	other
inzivaya çekilmek	VERB	2	video|literature	Education & Language	idioms
iplik çekmek	VERB	2	tubitak	Education & Language	idioms
iş edinmek	VERB	2	meb	Education & Language	idioms
iş göstermek	VERB	2	literature	Education & Language	idioms
işbaşı yapmak	VERB	2	literature	Work & Economy	duties
işbaşına gelmek	VERB	2	meb	Education & Language	idioms
işi şakaya dökmek	VERB	2	meb	Education & Language	idioms
işi yolunda olmak	VERB	2	video|literature	Education & Language	idioms
işin kolayına kaçmak	VERB	2	video|literature	Education & Language	idioms
işin rengi değişmek	VERB	2	literature	Education & Language	idioms
ismi bile olmamak	VERB	2	video|literature	Education & Language	idioms
ismi lazım değil	NA	2	video	Education & Language	idioms
iştahı kesilmek	VERB	2	literature	Education & Language	idioms
istavroz çıkarmak	VERB	2	literature	History, Politics & Religion	religion
iştigal etmek	VERB	2	literature	Other	other
istikamet vermek	VERB	2	literature	Education & Language	idioms
isyan bayrağı açmak	VERB	2	meb|literature	Education & Language	idioms
isyan bayrağını çekmek	VERB	2	meb|literature	Education & Language	idioms
ıskartaya çıkarmak	VERB	2	literature	Education & Language	idioms
ıstakoz gibi	NA	2	tubitak	Education & Language	idioms
kabahati bir şeye yüklemek	VERB	2	video	Education & Language	idioms
kabak tadı vermek	VERB	2	literature	Education & Language	idioms
kabakulak olmak	VERB	2	video	Health & Medicine	diseases
kaç parça olayım!	NA	2	tubitak	Education & Language	idioms
kaça patlamak	VERB	2	video	Education & Language	idioms
kafası ile oynamak	VERB	2	tubitak|meb	Education & Language	idioms
kâğıda dökmek	VERB	2	video	Education & Language	idioms
kalbine saplanmak	VERB	2	literature	Education & Language	idioms
kanıyla ödemek	VERB	2	video|literature	Education & Language	idioms
kapalı hece	NOUN	2	meb	Education & Language	grammar
kapana düşmek	VERB	2	video|literature	Education & Language	idioms
kapılar üstüne kapanmak	VERB	2	literature	Education & Language	idioms
kapılar yüzüne kapanmak	VERB	2	video|literature	Education & Language	idioms
karambole getirmek	VERB	2	literature	Education & Language	idioms
karıncayı bile incitmemek	VERB	2	video|literature	Personality, Values & Behavior	behavior
kaşık sallamak	VERB	2	literature	Education & Language	idioms
kaşları çatılmak	VERB	2	literature	Education & Language	idioms
katıla katıla ağlamak	VERB	2	video	Education & Language	idioms
kazan kaldırmak	VERB	2	literature	Education & Language	idioms
kazdığı kuyuya kendisi düşmek	VERB	2	video	Education & Language	idioms
kazın ayağı öyle değil	NA	2	video|literature	Education & Language	idioms
keder vermek	VERB	2	literature	Emotions & Mental Processes	emotions
kefeni yırtmak	VERB	2	literature	Education & Language	idioms
kendi derdine düşmek	VERB	2	literature	Education & Language	idioms
kendi içine çekilmek	VERB	2	literature	Emotions & Mental Processes	emotions
kendi kabuğuna çekilmek	VERB	2	tubitak	Education & Language	idioms
kendi kanatlarıyla uçmak	VERB	2	tubitak|video	Education & Language	idioms
kendine mal etmek	VERB	2	video	Education & Language	idioms
kendini aşağı görmek	VERB	2	video|literature	Education & Language	idioms
kendini harap etmek	VERB	2	video	Education & Language	idioms
kepenk kapatmak	VERB	2	video|literature	Education & Language	idioms
kerpiç gibi	NA	2	video	Education & Language	idioms
kesel gelmek	VERB	2	tubitak	Education & Language	idioms
kesesini doldurmak	VERB	2	tubitak	Work & Economy	financial concepts
ketum olmak	VERB	2	literature	Education & Language	idioms
kin beslemek	VERB	2	literature	Emotions & Mental Processes	emotions
kılını bile oynatmamak	VERB	2	literature	Education & Language	idioms
kılını kıpırdatmamak	VERB	2	video|literature	Education & Language	idioms
kıpkırmızı kesilmek	VERB	2	literature	Education & Language	idioms
kırk bir kere maşallah!	NA	2	video	Education & Language	fixed expressions
kıskıvrak bağlamak	VERB	2	video	Education & Language	idioms
kıymete binmek	VERB	2	saha	Education & Language	idioms
koordine etmek	VERB	2	tubitak	Other	other
kör kurttan bile vazgeçmemek	VERB	2	video	Education & Language	idioms
köşe bucak saklanmak	VERB	2	tubitak|literature	Education & Language	idioms
kül bağlamak	VERB	2	tubitak|literature	Education & Language	idioms
kula kul olmak	VERB	2	saha|literature	Education & Language	idioms
kulağı okşamak	VERB	2	literature	Education & Language	idioms
külah takmak	VERB	2	literature	Education & Language	idioms
kulak ardı etmek	VERB	2	literature	Education & Language	idioms
küme düşmek	VERB	2	literature	Sports, Games & Recreation	sports
küp gibi	NA	2	literature	Personality, Values & Behavior	appearance
kurban vermek	VERB	2	video	History, Politics & Religion	religion
kurdele takmak	VERB	2	video|literature	Personality, Values & Behavior	diligence
kurşun yemek	VERB	2	literature	Violence & Conflict	violence
kurum kurum kurumlanmak	VERB	2	meb|video	Education & Language	idioms
ladesli olmak	VERB	2	video	Education & Language	idioms
laf çıkarmak	VERB	2	video|literature	Education & Language	idioms
laf düşmek	VERB	2	video|literature	Education & Language	idioms
laf taşımak	VERB	2	literature	Education & Language	idioms
lafı ağzına tıkamak	VERB	2	literature	Education & Language	idioms
lahavle çekmek	VERB	2	literature	Education & Language	idioms
laklak etmek	VERB	2	tubitak|video	Education & Language	idioms
lapa vurmak	VERB	2	video	Education & Language	idioms
lava etmek	VERB	2	literature	Education & Language	idioms
maaş bağlamak	VERB	2	video|literature	Work & Economy	financial concepts
mahkemeye düşmek	VERB	2	video	Transportation, Travel & Safety	safety rules
mal kaldırmak	VERB	2	video	Education & Language	idioms
malı mala, canı cana ölçmeli	NA	2	literature	Education & Language	proverbs
mana çıkarmak	VERB	2	video|literature	Education & Language	idioms
mandepsiye bastırmak	VERB	2	tubitak	Education & Language	idioms
mantar gibi üremek	VERB	2	tubitak	Education & Language	idioms
mantar gibi yerden bitmek	VERB	2	video	Education & Language	idioms
maruz bulunmak	VERB	2	tubitak|meb	Other	other
maşa gibi	NA	2	video|literature	Personality, Values & Behavior	appearance
maşa kadar	NA	2	tubitak	Education & Language	idioms
maşallahı var	NA	2	video|literature	Education & Language	proverbs
masrafı çekmek	VERB	2	literature	Work & Economy	financial concepts
matrak geçmek	VERB	2	video	Education & Language	idioms
maydanoz olmak	VERB	2	saha|literature	Education & Language	idioms
maymun gözünü açtı	NA	2	literature	Education & Language	idioms
maziye karışmak	VERB	2	tubitak|video	Other	other
mektup atmak	VERB	2	tubitak|video	Education & Language	idioms
meme yapmak	VERB	2	tubitak|video	Transportation, Travel & Safety	vehicles
mesele çıkarmak	VERB	2	literature	Education & Language	idioms
mevkisi olmak	VERB	2	literature	Work & Economy	occupations
meydan bırakmamak	VERB	2	literature	Education & Language	idioms
meydana çıkarmak	VERB	2	literature	Other	other
midesi kazınmak	VERB	2	tubitak|video	Education & Language	idioms
milim oynamamak	VERB	2	tubitak|video	Education & Language	idioms
mola almak	VERB	2	video	Sports, Games & Recreation	sports
muamma asmak	VERB	2	literature	Education & Language	idioms
münasebet kurmak	VERB	2	literature	Education & Language	idioms
mürekkebi kurumadan bozmak	VERB	2	tubitak	Education & Language	idioms
mutabık kalmak	VERB	2	video	Education & Language	idioms
müzakere etmek	VERB	2	literature	Other	other
nabzı durmak	VERB	2	tubitak	Health & Medicine	medicine
nadasa yatırmak	VERB	2	video	Education & Language	idioms
name okumak	VERB	2	literature	Education & Language	idioms
nara basmak	VERB	2	literature	Sound & Communication Phenomena	sounds
nasır tutmak	VERB	2	literature	Education & Language	idioms
nasırına basmak	VERB	2	video	Education & Language	idioms
nişanı bozmak	VERB	2	video	Personality, Values & Behavior	behavior
Nuh Nebi'den kalmak	VERB	2	video	Education & Language	idioms
objektif olmak	VERB	2	meb	Personality, Values & Behavior	behavior
öfke kusmak	VERB	2	video|literature	Emotions & Mental Processes	anger
öfkesi kabarmak	VERB	2	literature	Emotions & Mental Processes	emotions
ok yaydan çıkmak	VERB	2	literature	Education & Language	idioms
ölüm kalım meselesi	NOUN	2	literature	Education & Language	idioms
ölüm kalım meselesi olmak	VERB	2	literature	Education & Language	idioms
ölüm kalım meselesi yapmak	VERB	2	literature	Education & Language	idioms
on paraya on takla atmak	VERB	2	video	Education & Language	idioms
onuruna dokunmak	VERB	2	literature	Education & Language	idioms
öpüp başına koymak	VERB	2	literature	Education & Language	idioms
ortalık sütliman olmak	VERB	2	literature	Education & Language	idioms
ortaya çıkartmak	VERB	2	saha|video	Education & Language	idioms
ortaya konuşmak	VERB	2	literature	Education & Language	idioms
öz evlat	NOUN	2	video|literature	People & Relationships	family
özel sektör	NOUN	2	video	Other	other
pahalıya gelmek	VERB	2	tubitak|literature	Education & Language	idioms
pamuk ipliğiyle bağlanmak	VERB	2	tubitak	Education & Language	idioms
panik yaratmak	VERB	2	video	Emotions & Mental Processes	emotions
para dökmek	VERB	2	tubitak|video	Work & Economy	financial concepts
parmağı ağzında kalmak	VERB	2	literature	Education & Language	idioms
parmağını bile oynatmamak	VERB	2	video|literature	Education & Language	idioms
parmak hesabı	NOUN	2	tubitak|literature	Other	other
pergelleri açmak	VERB	2	video	Education & Language	idioms
pestilini çıkarmak	VERB	2	video	Education & Language	idioms
posta koymak	VERB	2	video	Personality, Values & Behavior	behavior
prova etmek	VERB	2	literature	Education & Language	idioms
püsküllü bela	NOUN	2	literature	Education & Language	idioms
put gibi	NA	2	video|literature	Personality, Values & Behavior	appearance
rahat batmak	VERB	2	literature	Education & Language	idioms
rahat yüzü görmemek	VERB	2	literature	Education & Language	idioms
rahata ermek	VERB	2	video|literature	Education & Language	idioms
rahatsızlık duymak	VERB	2	tubitak	Emotions & Mental Processes	emotions
rast gitmek	VERB	2	video|literature	Education & Language	idioms
saati saatine uymamak	VERB	2	literature	Education & Language	idioms
sabahçı kahvesi	NOUN	2	literature	Places & Settlements	places
sabahı etmek	VERB	2	video|literature	Education & Language	idioms
saçına ak düşmek	VERB	2	literature	Education & Language	idioms
sadede gelmek	VERB	2	video	Education & Language	idioms
sağ gösterip sol vurmak	VERB	2	literature	Education & Language	idioms
şaka gibi gelmek	VERB	2	video	Education & Language	idioms
şaka kaldırmak	VERB	2	video	Education & Language	idioms
sakalı ele vermek	VERB	2	video	Education & Language	idioms
sallantıda bırakmak	VERB	2	literature	Education & Language	idioms
sanal âlem	NOUN	2	meb|literature	Science & Technology	internet
saygısızlık etmek	VERB	2	video	Personality, Values & Behavior	ethical values
şehadet etmek	VERB	2	literature	History, Politics & Religion	religion
sersefil olmak	VERB	2	video|literature	Education & Language	idioms
şiar edinmek	VERB	2	video	Education & Language	idioms
sinirleri gergin olmak	VERB	2	literature	Emotions & Mental Processes	emotions
sıcak basmak	VERB	2	video	Education & Language	idioms
sıkıntıya gelememek	VERB	2	literature	Education & Language	idioms
sırtı kaşınmak	VERB	2	video	Education & Language	idioms
sırtından geçinmek	VERB	2	video|literature	Education & Language	idioms
sırtını yere getirmek	VERB	2	meb|literature	Education & Language	idioms
sokağa atmak	VERB	2	literature	Education & Language	idioms
sokağa dökülmek	VERB	2	literature	Education & Language	idioms
söz birliği etmek	VERB	2	literature	Education & Language	idioms
sual etmek	VERB	2	video	Education & Language	idioms
sünger çekmek	VERB	2	literature	Education & Language	idioms
suratı sirke satmak	VERB	2	literature	Education & Language	idioms
sürüp gitmek	VERB	2	video|literature	Education & Language	idioms
tahrif etmek	VERB	2	literature	Personality, Values & Behavior	behavior
tahvil etmek	VERB	2	literature	Education & Language	idioms
tan atmak	VERB	2	literature	Education & Language	idioms
tan sökmek	VERB	2	literature	Education & Language	idioms
tası tarağı toplamak	VERB	2	literature	Education & Language	idioms
tava gelmek	VERB	2	video	Education & Language	idioms
tava getirmek	VERB	2	video	Education & Language	idioms
tecavüz etmek	VERB	2	literature	Violence & Conflict	violence
tecelli etmek	VERB	2	literature	Other	other
tefe koymak	VERB	2	tubitak	Education & Language	idioms
ters yüz etmek	VERB	2	tubitak|literature	Education & Language	idioms
tıka basa doldurmak	VERB	2	video|literature	Education & Language	idioms
toplumsal bilinç	NOUN	2	meb	People & Relationships	culture and society
turşusu çıkmak	VERB	2	video	Education & Language	idioms
tuttuğu dal elinde kalmak	VERB	2	literature	Education & Language	idioms
tütünü tepesinden çıkmak	VERB	2	video	Emotions & Mental Processes	emotions
ucu ortası belli olmamak	VERB	2	literature	Education & Language	idioms
umut ışığı	NOUN	2	literature	Education & Language	idioms
üstün zekâlılık	NOUN	2	literature	Emotions & Mental Processes	intelligence and reasoning
üstüne üstüne gitmek	VERB	2	video	Education & Language	idioms
üzerine almak	VERB	2	meb	Education & Language	idioms
uzun etmek	VERB	2	literature	Education & Language	idioms
vıdı vıdı etmek	VERB	2	video|literature	Education & Language	idioms
yağlı ballı olmak	VERB	2	literature	Education & Language	idioms
yakışık almamak	VERB	2	video|literature	Education & Language	idioms
yalan yere	NA	2	video|literature	Education & Language	idioms
yalvar yakar olmak	VERB	2	literature	Education & Language	idioms
yan basmak	VERB	2	literature	Education & Language	idioms
yan yan bakmak	VERB	2	video|literature	Education & Language	idioms
yardan atmak	VERB	2	video	Education & Language	idioms
yasa çıkarmak	VERB	2	tubitak|meb	History, Politics & Religion	politics
yasa çıkartmak	VERB	2	tubitak|meb	History, Politics & Religion	politics
yaya kalmak	VERB	2	meb	Education & Language	idioms
yeğ tutmak	VERB	2	video|literature	Education & Language	idioms
yeme de yanında yat	NA	2	literature	Education & Language	idioms
yere göğe koyamamak	VERB	2	literature	Education & Language	idioms
yıldırımla vurulmuşa dönmek	VERB	2	literature	Education & Language	idioms
yıldızı sönmek	VERB	2	meb|literature	Education & Language	idioms
yorgunluk çıkarmak	VERB	2	literature	Education & Language	idioms
yük altına girmek	VERB	2	tubitak|literature	Education & Language	idioms
yükseklerde dolaşmak	VERB	2	tubitak|literature	Education & Language	idioms
yükte hafif pahada ağır	NA	2	literature	Education & Language	idioms
yükünü tutmak	VERB	2	video	Work & Economy	financial concepts
yüreği çarpmak	VERB	2	literature	Emotions & Mental Processes	emotions
yüreğine dert olmak	VERB	2	literature	Education & Language	idioms
yüz aklığı	NOUN	2	meb|video	Personality, Values & Behavior	morality
yüz kızartmak	VERB	2	literature	Education & Language	idioms
yüzünden düşen bin parça olmak	VERB	2	literature	Education & Language	idioms
yüzüne bir daha bakmamak	VERB	2	literature	Education & Language	idioms
yüzüne kan gelmek	VERB	2	literature	Education & Language	idioms
yüzünü ağartmak	VERB	2	literature	Education & Language	idioms
zihni bulanmak	VERB	2	literature	Education & Language	idioms
zıvanadan çıkmak	VERB	2	video|literature	Education & Language	idioms
zorunlu kılmak	VERB	2	meb|literature	Education & Language	idioms
zuhur etmek	VERB	2	literature	Education & Language	idioms
abayı yakmak	VERB	1	video	Personality, Values & Behavior	love
Abbas yolcu	NA	1	literature	Education & Language	idioms
abes kaçmak	VERB	1	literature	Education & Language	idioms
abesle uğraşmak	VERB	1	tubitak	Education & Language	idioms
acil çıkış	NOUN	1	tubitak	Transportation, Travel & Safety	safety rules
âciz kalmak	VERB	1	video	Education & Language	idioms
açık artırma	NOUN	1	video	Personal Care & Consumer Life	shopping
açlıktan nefesi kokmak	VERB	1	video	Education & Language	idioms
adapte etmek	VERB	1	literature	Other	other
adı karışmak	VERB	1	literature	Education & Language	idioms
adres göstermek	VERB	1	video	Education & Language	idioms
ağzından baklayı çıkarmak	VERB	1	literature	Education & Language	idioms
ahı çıkmak	VERB	1	literature	Education & Language	idioms
ahkâm çıkarmak	VERB	1	literature	Education & Language	idioms
akan sular durmak	VERB	1	tubitak	Education & Language	idioms
akıl tutulması	NOUN	1	tubitak	Education & Language	idioms
aklı kesmek	VERB	1	video	Emotions & Mental Processes	intelligence and reasoning
aklından zoru olmak	VERB	1	literature	Emotions & Mental Processes	intelligence and reasoning
aklını peynir ekmekle yemek	VERB	1	video	Emotions & Mental Processes	intelligence and reasoning
al takke ver külah	NA	1	tubitak	Education & Language	idioms
alacağına şahin, vereceğine kuzgun	NA	1	tubitak	Education & Language	idioms
alacaklı olmak	VERB	1	literature	Work & Economy	financial concepts
âlem yapmak	VERB	1	video	Education & Language	idioms
alı al moru mor	NA	1	literature	Education & Language	idioms
Allah rahatlık versin	NA	1	meb	Education & Language	idioms
Allah yarattı dememek	VERB	1	meb	Education & Language	idioms
Amerikan salatası	NOUN	1	video	Food & Nutrition	dishes
anasından doğduğuna pişman etmek	VERB	1	literature	Education & Language	idioms
anasından emdiği süt burnundan fitil fitil gelmek	VERB	1	meb	Education & Language	idioms
anasından emdiği süt burnundan gelmek	VERB	1	video	Education & Language	idioms
anasını satayım!	NA	1	tubitak	Education & Language	idioms
araları açılmak	VERB	1	literature	Education & Language	idioms
araları bozulmak	VERB	1	saha	Education & Language	idioms
arapsaçına dönmek	VERB	1	literature	Education & Language	idioms
arka arkaya vermek	VERB	1	literature	Education & Language	idioms
arsız arsız	NOUN	1	literature	Personality, Values & Behavior	behavior
astarı yüzünden pahalı olmak	VERB	1	literature	Education & Language	idioms
astarı yüzünden pahalıya gelmek	VERB	1	literature	Education & Language	idioms
astığı astık, kestiği kestik	NA	1	video	Education & Language	idioms
atbaşı gitmek	VERB	1	literature	Education & Language	idioms
atsan atılmaz, satsan satılmaz	NA	1	literature	Education & Language	idioms
attan inip eşeğe binmek	VERB	1	literature	Education & Language	idioms
ava giden avlanır	NA	1	tubitak	Education & Language	proverbs
avucuna saymak	VERB	1	literature	Education & Language	idioms
ayağı ile gelmek	VERB	1	literature	Education & Language	idioms
ayak diremek	VERB	1	video	Education & Language	idioms
ayıkla pirincin taşını!	NA	1	video	Education & Language	idioms
aykırı düşmek	VERB	1	literature	Education & Language	idioms
aza çoğa bakmamak	VERB	1	video	Education & Language	idioms
bahis açmak	VERB	1	literature	Education & Language	idioms
bahtı açık olmak	VERB	1	video	Education & Language	idioms
bahtı kara olmak	VERB	1	tubitak	Education & Language	idioms
bahtına küsmek	VERB	1	meb	Education & Language	idioms
balon uçurmak	VERB	1	tubitak	Education & Language	idioms
bam teline basmak	VERB	1	literature	Education & Language	idioms
bana mısın dememek	VERB	1	meb	Education & Language	idioms
barut fıçısı gibi	NA	1	literature	Emotions & Mental Processes	emotions
baş aşağı düşmek	VERB	1	tubitak	Education & Language	idioms
baş aşağı gelmek	VERB	1	tubitak	Education & Language	idioms
baş sağlığı dilemek	VERB	1	meb	Emotions & Mental Processes	emotions
başa baş gelmek	VERB	1	meb	Education & Language	idioms
basireti bağlanmak	VERB	1	tubitak	Education & Language	idioms
başı yerine gelmek	VERB	1	meb	Education & Language	idioms
başımla beraber	NA	1	literature	Education & Language	idioms
başında kavak yelleri esmek	VERB	1	video	Education & Language	idioms
başını alıp gitmek	VERB	1	video	Education & Language	idioms
basıp geçmek	VERB	1	video	Education & Language	idioms
basıp gitmek	VERB	1	video	Education & Language	idioms
baskın çıkmak	VERB	1	literature	Education & Language	idioms
baştan çıkarmak	VERB	1	video	Education & Language	idioms
bastığı yeri bilmemek	VERB	1	video	Education & Language	idioms
bel vermek	VERB	1	literature	Education & Language	idioms
benzine kan gelmek	VERB	1	video	Education & Language	idioms
beraat etmek	VERB	1	tubitak	Other	other
beş aşağı beş yukarı	NA	1	literature	Education & Language	idioms
beyaz perde	NOUN	1	tubitak	Arts, Media & Entertainment	cinema
bildiğinden şaşmamak	VERB	1	meb	Education & Language	idioms
bir ayağı çukurda olmak	VERB	1	literature	Education & Language	idioms
bir dokun bin ah işit	NA	1	video	Education & Language	fixed expressions
bir ilke imza atmak	VERB	1	tubitak	Education & Language	idioms
bir lokma bir hırka	NA	1	video	Education & Language	idioms
birer birer	NOUN	1	video	Personality, Values & Behavior	behavior
bol keseden	NA	1	literature	Education & Language	idioms
boyunduruk altına girmek	VERB	1	literature	Education & Language	idioms
bozguna vermek	VERB	1	literature	Education & Language	idioms
bugünden tezi yok	NA	1	literature	Time, Numbers & Measurement	time
bülbül gibi konuşmak	VERB	1	literature	Education & Language	idioms
bulup buluşturmak	VERB	1	saha	Education & Language	idioms
buluttan nem kapmak	VERB	1	literature	Education & Language	idioms
burnundan fitil fitil getirmek	VERB	1	video	Education & Language	idioms
burnunun dikine gitmek	VERB	1	video	Education & Language	idioms
burnunun direği sızlamak	VERB	1	literature	Emotions & Mental Processes	emotions
burnunun doğrusuna gitmek	VERB	1	literature	Education & Language	idioms
buz kesilmek	VERB	1	literature	Education & Language	idioms
caddeyi tutmak	VERB	1	tubitak	Education & Language	idioms
çağ atlamak	VERB	1	video	Education & Language	idioms
çağ dışı olmak	VERB	1	literature	Education & Language	idioms
caka yapmak	VERB	1	tubitak	Education & Language	idioms
cakasından geçilmemek	VERB	1	video	Education & Language	idioms
cakasını bozmak	VERB	1	video	Education & Language	idioms
çakılı kalmak	VERB	1	literature	Education & Language	idioms
çakılıp kalmak	VERB	1	literature	Education & Language	idioms
camadan vurmak	VERB	1	tubitak	Education & Language	idioms
camadanı fora etmek	VERB	1	video	Education & Language	idioms
can beslemek	VERB	1	meb	Education & Language	idioms
can borcunu ödemek	VERB	1	video	Education & Language	idioms
çan çan konuşmak	VERB	1	video	Education & Language	idioms
can cana, baş başa	NA	1	literature	Education & Language	idioms
can damarından yakalamak	VERB	1	video	Education & Language	idioms
can kaygısına düşmek	VERB	1	literature	Education & Language	idioms
can sıkıntısından patlamak	VERB	1	literature	Education & Language	idioms
çanak açmak	VERB	1	video	Education & Language	idioms
çanak tutmak	VERB	1	literature	Education & Language	idioms
canciğer kuzu sarması	NA	1	literature	Education & Language	idioms
canciğer olmak	VERB	1	literature	Education & Language	idioms
canı bayılmak	VERB	1	video	Education & Language	idioms
canı burnundan çıkmak	VERB	1	tubitak	Education & Language	idioms
canı canına sığmamak	VERB	1	literature	Education & Language	idioms
canı içine sığmamak	VERB	1	literature	Education & Language	idioms
canı ile uğraşmak	VERB	1	literature	Education & Language	idioms
canı yerine gelmek	VERB	1	video	Education & Language	idioms
çanına ot tıkamak	VERB	1	literature	Education & Language	idioms
canından usanmak	VERB	1	literature	Education & Language	idioms
canını burnundan getirmek	VERB	1	video	Education & Language	idioms
canının içine sokacağı gelmek	VERB	1	literature	Education & Language	idioms
çantadan yetişmek	VERB	1	literature	Education & Language	idioms
cari kur	NOUN	1	literature	Work & Economy	financial concepts
çarpıntısı tutmak	VERB	1	literature	Education & Language	idioms
cefa görmek	VERB	1	literature	Education & Language	idioms
cefaya katlanmak	VERB	1	meb	Education & Language	idioms
cehennemi boylamak	VERB	1	literature	Education & Language	idioms
çehre almak	VERB	1	literature	Education & Language	idioms
çehresi bozulmak	VERB	1	tubitak	Education & Language	idioms
çekeceği olmak	VERB	1	literature	Education & Language	idioms
çekip gitmek	VERB	1	video|literature	Education & Language	idioms
cemaate uymak	VERB	1	literature	Education & Language	idioms
çemberden dönmek	VERB	1	video	Education & Language	idioms
cemre düşmek	VERB	1	video	Earth, Geography & Natural Phenomena	meteorology
cendereye sokmak	VERB	1	tubitak	Education & Language	idioms
çene yarışına girmek	VERB	1	literature	Education & Language	idioms
cennete çevirmek	VERB	1	literature	Nature & Living Things	environment
cep harçlığını çıkarmak	VERB	1	tubitak	Work & Economy	financial concepts
cep yakmak	VERB	1	video	Work & Economy	financial concepts
cephe açmak	VERB	1	literature	Education & Language	idioms
cereyan çarpmak	VERB	1	meb	Education & Language	idioms
cereyan etmek	VERB	1	literature	Education & Language	idioms
cereyanda kalmak	VERB	1	video	Education & Language	idioms
çetele çekmek	VERB	1	meb	Education & Language	idioms
çetele tutmak	VERB	1	meb	Education & Language	idioms
cezve sürmek	VERB	1	saha	Education & Language	idioms
çiğ kaçmak	VERB	1	literature	Education & Language	idioms
ciğeri parçalanmak	VERB	1	literature	Education & Language	idioms
ciğeri sızlamak	VERB	1	literature	Education & Language	idioms
cihana gelmek	VERB	1	video	Education & Language	idioms
cin olmadan adam çarpmak	VERB	1	video	Education & Language	idioms
çirkin kaçmak	VERB	1	video	Education & Language	idioms
çizgisinden sapmamak	VERB	1	tubitak	Personality, Values & Behavior	behavior
çizmeyi aşmak	VERB	1	video	Education & Language	idioms
cılkı çıkmak	VERB	1	video	Education & Language	idioms
çıngar çıkarmak	VERB	1	video	Education & Language	idioms
cübbe gibi	NA	1	literature	Education & Language	idioms
cümbüş yapmak	VERB	1	literature	Education & Language	idioms
dağ doğura doğura bir fare doğurmuş	NA	1	video	Education & Language	idioms
dağarcığına atmak	VERB	1	tubitak	Education & Language	idioms
dağdan gelip bağdakini kovmak	VERB	1	meb	Education & Language	idioms
dara düşmek	VERB	1	literature	Education & Language	idioms
darbe yemek	VERB	1	literature	Education & Language	idioms
dem tutmak	VERB	1	literature	Arts, Media & Entertainment	music
dem vurmak	VERB	1	literature	Education & Language	idioms
demeç vermek	VERB	1	tubitak	Arts, Media & Entertainment	media
detone olmak	VERB	1	video	Arts, Media & Entertainment	music
dikiş tutmamak	VERB	1	tubitak	Education & Language	idioms
dikte etmek	VERB	1	literature	Education & Language	idioms
diline pelesenk etmek	VERB	1	literature	Education & Language	idioms
dilinin altında bir şey olmak	VERB	1	literature	Education & Language	idioms
dinden imandan çıkmak	VERB	1	literature	Education & Language	idioms
dinime küfreden Müslüman olsa	NA	1	video	Education & Language	idioms
dişinden tırnağından artırmak	VERB	1	video	Education & Language	idioms
dişinin kovuğuna bile gitmemek	VERB	1	literature	Education & Language	idioms
diyalog kurmak	VERB	1	video	Other	other
dokuz doğurmak	VERB	1	literature	Education & Language	idioms
doping yapmak	VERB	1	video	Sports, Games & Recreation	sports
dört dörtlük	NOUNJ	1	video	Education & Language	idioms
düğün bayram etmek	VERB	1	literature	Education & Language	idioms
duman attırmak	VERB	1	meb	Education & Language	idioms
dümen çevirmek	VERB	1	video	Education & Language	idioms
dümen suyunda gitmek	VERB	1	literature	Education & Language	idioms
dumura uğramak	VERB	1	literature	Education & Language	idioms
dünya başına yıkılmak	VERB	1	video	Education & Language	idioms
düşeş atmak	VERB	1	video	Education & Language	idioms
eceline susamak	VERB	1	literature	Education & Language	idioms
eda etmek	VERB	1	literature	Education & Language	idioms
edebiyat yapmak	VERB	1	literature	Education & Language	idioms
eften püften	NOUNJ	1	literature	Other	other
ekmek elden su gölden	NA	1	meb	Education & Language	idioms
ekran kilidi	NOUN	1	tubitak	Science & Technology	information technologies
elektrik çarpması	NOUN	1	meb	Earth, Geography & Natural Phenomena	disasters
elektrik kaçağı	NOUN	1	meb	Science & Technology	energy resources
elinden geleni yapmak	VERB	1	literature	Education & Language	idioms
elini sıcak sudan soğuk suya sokmamak	VERB	1	video	Education & Language	idioms
ensesinde boza pişirmek	VERB	1	video	Education & Language	idioms
erken kalkan yol alır	NA	1	literature	Education & Language	proverbs
eşeklik etmek	VERB	1	video	Education & Language	idioms
eşiğine yüz sürmek	VERB	1	literature	Education & Language	idioms
eşiğini aşındırmak	VERB	1	literature	Education & Language	idioms
et tırnak olmak	VERB	1	literature	Education & Language	idioms
etekleri tutuşmak	VERB	1	literature	Education & Language	idioms
etle tırnak gibi	NA	1	video	People & Relationships	friendship
ezbere iş görmek	VERB	1	meb	Education & Language	idioms
faça etmek	VERB	1	literature	Education & Language	idioms
façası olmak	VERB	1	literature	Education & Language	idioms
façasını almak	VERB	1	literature	Education & Language	idioms
fasıla vermek	VERB	1	tubitak	Education & Language	idioms
fedakârlık etmek	VERB	1	literature	Personality, Values & Behavior	behavior
felç gelmek	VERB	1	literature	Health & Medicine	diseases
felce uğramak	VERB	1	video	Education & Language	idioms
felce uğratmak	VERB	1	tubitak	Education & Language	idioms
feleğe küsmek	VERB	1	literature	Education & Language	idioms
feleğin sillesine uğramak	VERB	1	tubitak	Education & Language	idioms
feleğin sillesini yemek	VERB	1	literature	Education & Language	idioms
felekten kâm almak	VERB	1	tubitak	Education & Language	idioms
fenersiz yakalanmak	VERB	1	video	Education & Language	idioms
feryadı basmak	VERB	1	literature	Sound & Communication Phenomena	sounds
fiile koymak	VERB	1	video	Education & Language	idioms
fikir yormak	VERB	1	video	Emotions & Mental Processes	intelligence and reasoning
fil dişi kuleden bakmak	VERB	1	video	Education & Language	idioms
filinta gibi	NA	1	video	Personality, Values & Behavior	appearance
fiske fiske kabarmak	VERB	1	tubitak	Education & Language	idioms
fiske fiske olmak	VERB	1	literature	Education & Language	idioms
fitne sokmak	VERB	1	literature	Education & Language	idioms
fiyat biçmek	VERB	1	literature	Work & Economy	financial concepts
fiyat kırmak	VERB	1	literature	Work & Economy	financial concepts
fındık kabuğunu doldurmaz	NA	1	literature	Education & Language	idioms
fırsatı ganimet bilmek	VERB	1	tubitak	Education & Language	idioms
fırsatını düşürmek	VERB	1	literature	Education & Language	idioms
forsu olmak	VERB	1	video	Education & Language	idioms
forsunu kaybetmek	VERB	1	literature	Education & Language	idioms
forsunu yitirmek	VERB	1	tubitak	Education & Language	idioms
fütur getirmek	VERB	1	meb	Education & Language	idioms
gaflet basmak	VERB	1	literature	Education & Language	idioms
gaflete düşmek	VERB	1	literature	Education & Language	idioms
gazel okumak	VERB	1	tubitak	Education & Language	idioms
geçer not	NOUN	1	video	Education & Language	lesson
gelen gideni aratır	NA	1	tubitak	Education & Language	proverbs
gemi azıya almak	VERB	1	tubitak	Education & Language	idioms
gırla gitmek	VERB	1	video	Education & Language	idioms
görmezlikten gelmek	VERB	1	video	Personality, Values & Behavior	behavior
göz hapsine almak	VERB	1	video	Education & Language	idioms
gözaltına almak	VERB	1	video	Transportation, Travel & Safety	safety rules
gözdağı vermek	VERB	1	literature	Education & Language	idioms
gözlem altına almak	VERB	1	literature	Education & Language	idioms
gözü açık gitmek	VERB	1	video	Education & Language	idioms
güdük kalmak	VERB	1	tubitak	Education & Language	idioms
gündem dışı	NOUN	1	literature	Home & Domestic Life	out of routine
ha bire	NA	1	video	Education & Language	idioms
hacet kalmamak	VERB	1	video	Education & Language	idioms
Hak getire	NA	1	literature	Education & Language	idioms
hâli vakti yerinde	NA	1	literature	Education & Language	idioms
haram yemek	VERB	1	meb	History, Politics & Religion	religion
hatırı sayılır	NA	1	tubitak	Education & Language	idioms
hayale kapılmak	VERB	1	video	Emotions & Mental Processes	emotions
hayra yormak	VERB	1	literature	Education & Language	idioms
hazır yemek	VERB	1	meb	Education & Language	idioms
heder etmek	VERB	1	video	Education & Language	idioms
her kafadan ayrı ses çıkmak	VERB	1	tubitak	Education & Language	idioms
hesaba dökmek	VERB	1	video	Education & Language	idioms
hık mık etmek	VERB	1	literature	Education & Language	idioms
hüküm giymek	VERB	1	literature	Education & Language	idioms
ibaret kalmak	VERB	1	literature	Education & Language	idioms
ibiş gibi	NA	1	literature	Education & Language	idioms
ibraz etmek	VERB	1	literature	Other	other
ibre birinden yana dönmek	VERB	1	literature	Education & Language	idioms
iç güveyisi girmek	VERB	1	video	People & Relationships	kinship
iç güveyisinden hâllice	NA	1	video	Education & Language	idioms
icara vermek	VERB	1	video	Work & Economy	financial concepts
icazet almak	VERB	1	literature	Education & Language	idioms
icazet vermek	VERB	1	literature	Education & Language	idioms
içi alaylı, dışı kalaylı	NA	1	meb	Education & Language	idioms
içi bulanmak	VERB	1	video	Emotions & Mental Processes	emotions
içi burkulmak	VERB	1	tubitak	Emotions & Mental Processes	emotions
içi ezilmek	VERB	1	tubitak	Education & Language	idioms
içi ezim ezim ezilmek	VERB	1	literature	Education & Language	idioms
içi kazınmak	VERB	1	literature	Education & Language	idioms
için için gülmek	VERB	1	literature	Education & Language	idioms
için için gülümsemek	VERB	1	meb	Education & Language	idioms
için için kaynamak	VERB	1	tubitak	Education & Language	idioms
içinden bir şeyler kopmak	VERB	1	literature	Education & Language	idioms
içine ateş atmak	VERB	1	video	Education & Language	idioms
içine baygınlıklar çökmek	VERB	1	video	Emotions & Mental Processes	emotions
içine fenalık basmak	VERB	1	literature	Emotions & Mental Processes	emotions
içine fenalık gelmek	VERB	1	video	Emotions & Mental Processes	emotions
içini parça parça etmek	VERB	1	tubitak	Emotions & Mental Processes	emotions
iflah olmamak	VERB	1	literature	Education & Language	idioms
ifrit kesilmek	VERB	1	literature	Education & Language	idioms
iğne deliği gibi	NA	1	tubitak	Personality, Values & Behavior	appearance
iğne deliğinden girmek	VERB	1	video	Education & Language	idioms
iğne üstünde oturmak	VERB	1	tubitak	Education & Language	idioms
iğne yemek	VERB	1	video	Health & Medicine	medicine
iğne yutmuş maymuna dönmek	VERB	1	tubitak	Education & Language	idioms
ihmal edilmek	VERB	1	video	Personality, Values & Behavior	behavior
iki ahbap çavuş	NA	1	literature	Education & Language	idioms
iki arada bir derede kalmak	VERB	1	literature	Education & Language	idioms
iki çift lakırtı etmek	VERB	1	tubitak	Education & Language	idioms
iki çift söz etmek	VERB	1	video	Education & Language	idioms
iki eli böğründe kalmak	VERB	1	literature	Education & Language	idioms
iki eli kanda olsa	NA	1	tubitak	Education & Language	idioms
iki eli kızıl kanda olsa	NA	1	tubitak	Education & Language	idioms
iki eli yanına gelmek	VERB	1	meb	Education & Language	idioms
iki gözü iki çeşme ağlamak	VERB	1	literature	Education & Language	idioms
iki hırtı bir pırtı	NA	1	literature	Education & Language	idioms
iki iyilikten biri	NA	1	literature	Health & Medicine	diseases
iki lafı bir araya getirememek	VERB	1	literature	Education & Language	idioms
iki satır konuşmak	VERB	1	literature	Education & Language	idioms
iki satır laf etmek	VERB	1	meb	Education & Language	idioms
ikilemde kalmak	VERB	1	literature	Education & Language	idioms
ikileme düşmek	VERB	1	video	Education & Language	idioms
ikili oynamak	VERB	1	video	Education & Language	idioms
ikinci baharı yaşamak	VERB	1	video	Education & Language	idioms
ikinci plana düşmek	VERB	1	literature	Education & Language	idioms
iktidara gelmek	VERB	1	literature	History, Politics & Religion	politics
ileri geri konuşmak	VERB	1	literature	Education & Language	idioms
ileri geri söz etmek	VERB	1	video	Personality, Values & Behavior	behavior
ileri varmak	VERB	1	literature	Education & Language	idioms
i̇lgi duymak	VERB	1	saha	Education & Language	idioms
i̇lgi görmek	VERB	1	saha	Education & Language	idioms
iliği kemiği donmak	VERB	1	tubitak	Education & Language	idioms
iliği kemiği ısınmak	VERB	1	tubitak	Education & Language	idioms
iliğine geçmek	VERB	1	meb	Education & Language	idioms
iliğine kadar ıslanmak	VERB	1	video	Education & Language	idioms
iliğini kemirmek	VERB	1	meb	Education & Language	idioms
iliğini kurutmak	VERB	1	video	Education & Language	idioms
ilişkiye girmek	VERB	1	tubitak	Personality, Values & Behavior	behavior
ilkel kalmak	VERB	1	tubitak	Education & Language	idioms
illallah dedirtmek	VERB	1	meb	Education & Language	idioms
illeri geri laflar etmek	VERB	1	video	Education & Language	idioms
iltica etmek	VERB	1	meb	History, Politics & Religion	immigration
imtihan vermek	VERB	1	literature	Education & Language	idioms
incik boncuk	NOUN	1	literature	Personal Care & Consumer Life	accessories
infaz etmek	VERB	1	literature	Violence & Conflict	violence
inisiyatif kullanmak	VERB	1	video	Education & Language	idioms
inisiyatifi ele almak	VERB	1	literature	Education & Language	idioms
insafına kalmak	VERB	1	literature	Education & Language	idioms
insan kuş misali	NA	1	saha	Education & Language	idioms
ipe sapa gelmemek	VERB	1	tubitak	Education & Language	idioms
ipin ucu kaçmak	VERB	1	saha	Education & Language	idioms
ipoteği çözmek	VERB	1	video	Work & Economy	financial concepts
ipotek altında tutmak	VERB	1	video	Work & Economy	financial concepts
ipten kazıktan kurtulmuş	NA	1	literature	Education & Language	idioms
ipten kuşak kuşanmak	VERB	1	tubitak	Education & Language	idioms
iş çatallanmak	VERB	1	tubitak	Education & Language	idioms
iş dayıya düştümek	VERB	1	video	Education & Language	idioms
iş inada binmek	VERB	1	saha	Education & Language	idioms
iş olsun diye	NA	1	literature	Education & Language	idioms
iş şirazesinden çıkmak	VERB	1	literature	Education & Language	idioms
işi ahbaplığa dökmek	VERB	1	video	Education & Language	idioms
işi aksi gitmek	VERB	1	video	Education & Language	idioms
işi Allah'a kalmak	VERB	1	video	Education & Language	idioms
işi azıtmak	VERB	1	literature	Education & Language	idioms
işi iş olmak	VERB	1	literature	Education & Language	idioms
işi pişirmek	VERB	1	video	Education & Language	idioms
işi resmiyete dökmek	VERB	1	video	Education & Language	idioms
işi sağlama almak	VERB	1	video	Education & Language	idioms
işi tatlıya bağlamak	VERB	1	literature	Education & Language	idioms
işin alayında olmak	VERB	1	video	Education & Language	idioms
işin içinde iş var	NA	1	video	Education & Language	idioms
işin içinden sıyrılmak	VERB	1	tubitak	Education & Language	idioms
işin kurdu olmak	VERB	1	literature	Education & Language	idioms
işin ucu birine dokunmak	VERB	1	literature	Education & Language	idioms
iskele almak	VERB	1	tubitak	Education & Language	idioms
işkembeden atmak	VERB	1	video	Education & Language	idioms
işkenceye sokmak	VERB	1	video	Violence & Conflict	violence
islim tutmak	VERB	1	tubitak	Education & Language	idioms
ismi çıkmak	VERB	1	literature	Education & Language	idioms
ismi gibi bilmek	VERB	1	literature	Education & Language	idioms
ismini bağışlamak	VERB	1	literature	Personality, Values & Behavior	behavior
ismini cismini bilmemek	VERB	1	literature	Education & Language	idioms
işportaya düşmek	VERB	1	video	Education & Language	idioms
israfa kaçmak	VERB	1	literature	Education & Language	idioms
iştah kapamak	VERB	1	video	Education & Language	idioms
iştahı kapanmak	VERB	1	video	Education & Language	idioms
iştahı yerinde olmak	VERB	1	video	Education & Language	idioms
işten güçten vakit bulamamak	VERB	1	literature	Education & Language	idioms
istifayı basmak	VERB	1	video	Work & Economy	occupations
istihdam etmek	VERB	1	meb	Work & Economy	occupations
istikrar bulmak	VERB	1	literature	Education & Language	idioms
iştiyak duymak	VERB	1	literature	Emotions & Mental Processes	emotions
it dişi domuz derisi	NA	1	tubitak	Education & Language	idioms
ithal etmek	VERB	1	meb	Food & Nutrition	food and drinks
izole etmek	VERB	1	video	Education & Language	idioms
ıkınıp sıkınmak	VERB	1	literature	Education & Language	idioms
ırgat gibi çalışmak	VERB	1	tubitak	Personality, Values & Behavior	diligence
ışığı altındamak	VERB	1	tubitak	Education & Language	idioms
ışıl ışıl yanmak	VERB	1	literature	Education & Language	idioms
ısıtıp ısıtıp önüne koymak	VERB	1	literature	Education & Language	idioms
ıska geçilmek	VERB	1	literature	Education & Language	idioms
ıska geçmek	VERB	1	literature	Education & Language	idioms
ıspazmoza tutulmak	VERB	1	tubitak	Education & Language	idioms
ısrarlı olmak	VERB	1	literature	Education & Language	idioms
ıssız kalmak	VERB	1	literature	Education & Language	idioms
ıssızlık çökmek	VERB	1	literature	Education & Language	idioms
ıstılah paralamak	VERB	1	literature	Education & Language	idioms
ızdırap çekmek	VERB	1	literature	Emotions & Mental Processes	emotions
kabadayılık taslamak	VERB	1	literature	Education & Language	idioms
kabahat etmek	VERB	1	video	Other	other
kabahat işlemek	VERB	1	video	Education & Language	idioms
kabak birinin başına patlamak	VERB	1	video	Education & Language	idioms
kabuksuz yumurtlatmak	VERB	1	tubitak	Education & Language	idioms
kaburgaları çıkmak	VERB	1	tubitak	Education & Language	idioms
kaburgaları sayılmak	VERB	1	literature	Education & Language	idioms
kaderini çizmek	VERB	1	video	Education & Language	idioms
kafası bulanmak	VERB	1	literature	Education & Language	idioms
kafası işlemek	VERB	1	tubitak	Emotions & Mental Processes	intelligence and reasoning
kafasını işletmek	VERB	1	video	Emotions & Mental Processes	intelligence and reasoning
kağnıyla tavşan avına çıkmak	VERB	1	video	Education & Language	idioms
kalafata çekmek	VERB	1	video	Education & Language	idioms
kalas gibi	NA	1	meb	Education & Language	idioms
kalbi ferahlamak	VERB	1	literature	Emotions & Mental Processes	emotions
kalbi parçalanmak	VERB	1	video	Education & Language	idioms
kalbiyle konuşmak	VERB	1	literature	Education & Language	idioms
kalem oynatmak	VERB	1	tubitak	Literature & Publishing	language and literature
kaleme kâğıda sarılmak	VERB	1	video	Education & Language	idioms
kaleminden kan damlamak	VERB	1	literature	Education & Language	idioms
kalemine dolamak	VERB	1	tubitak	Education & Language	idioms
kalemiyle yaşamak	VERB	1	tubitak	Education & Language	idioms
kalıbını dinlendirmek	VERB	1	literature	Education & Language	idioms
kalıp kesilmek	VERB	1	literature	Education & Language	idioms
kampa girmek	VERB	1	literature	Sports, Games & Recreation	sports
kamusal alan	NOUN	1	video	Places & Settlements	places
kana bulamak	VERB	1	video|literature	Education & Language	idioms
kapak atmak	VERB	1	literature	Education & Language	idioms
kapana koymak	VERB	1	literature	Education & Language	idioms
kapana tutulmak	VERB	1	literature	Education & Language	idioms
kapana yakalanmak	VERB	1	tubitak	Education & Language	idioms
kapılar üzerine kapanmak	VERB	1	literature	Education & Language	idioms
kara para aklamak	VERB	1	tubitak	Work & Economy	financial concepts
kara yazı	NOUN	1	tubitak	Education & Language	idioms
karakola düşmek	VERB	1	literature	Education & Language	idioms
karalar giymek	VERB	1	literature	Education & Language	idioms
karanlık kesilmek	VERB	1	meb	Education & Language	idioms
karine ile anlamak	VERB	1	literature	Education & Language	idioms
karnından konuşmak	VERB	1	video	Education & Language	idioms
kaş yaparken göz çıkarmak	VERB	1	video	Education & Language	idioms
kaş yaparken göz çıkartmak	VERB	1	video	Education & Language	idioms
kaş yapayım derken göz çıkarmak	VERB	1	video	Education & Language	idioms
kaş yapayım derken göz çıkartmak	VERB	1	literature	Education & Language	idioms
kaşıkla yedirip sapıyla gözünü çıkartmak	VERB	1	literature	Education & Language	idioms
kavga kopmak	VERB	1	literature	Violence & Conflict	violence
kavil kesmek	VERB	1	tubitak	Education & Language	idioms
kaymak bağlamak	VERB	1	tubitak	Education & Language	idioms
kaynanalık taslamak	VERB	1	literature	Education & Language	idioms
kazdığı çukura kendisi düşmek	VERB	1	video	Education & Language	idioms
kazı koz anlamak	VERB	1	tubitak	Education & Language	idioms
keçe külah etmek	VERB	1	tubitak	Education & Language	idioms
keçe külah olmak	VERB	1	tubitak	Education & Language	idioms
keçesini sudan çıkarmak	VERB	1	tubitak	Education & Language	idioms
keçeyi suya atmak	VERB	1	video	Education & Language	idioms
keder çekmek	VERB	1	literature	Emotions & Mental Processes	emotions
kedi ciğere bakar gibi bakmak	VERB	1	literature	Education & Language	idioms
kedi ile köpek gibi	NA	1	tubitak	Education & Language	idioms
kefenin cebi yok	NA	1	literature	Education & Language	idioms
kefil göstermek	VERB	1	meb	Education & Language	idioms
kelek yapmak	VERB	1	literature	Education & Language	idioms
kelepçe vurmak	VERB	1	video	Education & Language	idioms
kelepire konmak	VERB	1	video	Education & Language	idioms
keleş keleş sırıtmak	VERB	1	literature	Education & Language	idioms
kelle götürmek	VERB	1	video	Education & Language	idioms
kelle koşturmak	VERB	1	literature	Education & Language	idioms
kelleyi vermek	VERB	1	literature	Education & Language	idioms
kem gözle bakmak	VERB	1	meb	Education & Language	idioms
kemal bulmak	VERB	1	tubitak	Education & Language	idioms
kemale ermek	VERB	1	literature	Education & Language	idioms
kemale gelmek	VERB	1	video	Education & Language	idioms
kemeri dolu olmak	VERB	1	tubitak	Education & Language	idioms
kemiğini kurutmak	VERB	1	video	Education & Language	idioms
kemikleri sızlamak	VERB	1	literature	Education & Language	idioms
kemlik etmek	VERB	1	meb	Personality, Values & Behavior	behavior
kenar gezmek	VERB	1	video	Education & Language	idioms
kendi havasında gitmek	VERB	1	video	Education & Language	idioms
kendi kendine gelin güveyi olmak	VERB	1	literature	Education & Language	idioms
kendi kendini didiklemek	VERB	1	literature	Education & Language	idioms
kendi keyfine gitmek	VERB	1	video	Education & Language	idioms
kendi köşesinde yaşamak	VERB	1	video	Education & Language	idioms
kendi kuyusunu kendi kazmak	VERB	1	video	Education & Language	idioms
kendi üstüne yormak	VERB	1	literature	Education & Language	idioms
kendine hisse çıkarmak	VERB	1	tubitak	Education & Language	idioms
kendine kıymak	VERB	1	literature	Violence & Conflict	violence
kendini ağırdan satmak	VERB	1	meb	Education & Language	idioms
kendini ateşe atmak	VERB	1	literature	Education & Language	idioms
kendini avutmak	VERB	1	literature	Education & Language	idioms
kendini dağıtmak	VERB	1	literature	Education & Language	idioms
kendini kapının dışında bulmak	VERB	1	video	Education & Language	idioms
kendini kapıp koyuvermek	VERB	1	literature	Education & Language	idioms
kendini matah sanmak	VERB	1	video	Education & Language	idioms
kendini naza çekmek	VERB	1	video	Education & Language	idioms
kendini tartmak	VERB	1	meb	Education & Language	idioms
kendini yoklamak	VERB	1	literature	Education & Language	idioms
keramet buyurdunuz	NA	1	video	Personality, Values & Behavior	behavior
keramette bulundunuz	NA	1	video	Personality, Values & Behavior	behavior
kerem buyurun	NA	1	literature	Education & Language	idioms
kerpiç dökmek	VERB	1	literature	Other	other
kertesine getirmek	VERB	1	literature	Education & Language	idioms
keseden yemek	VERB	1	tubitak	Work & Economy	financial concepts
kesenin dibi görünmek	VERB	1	literature	Work & Economy	financial concepts
kesesine bir şey girmek	VERB	1	tubitak	Work & Economy	financial concepts
kesesine göre	NA	1	tubitak	Work & Economy	financial concepts
kesesine güvenmek	VERB	1	tubitak	Work & Economy	financial concepts
keseye davranmak	VERB	1	literature	Work & Economy	financial concepts
kesip atmak	VERB	1	video	Education & Language	idioms
kesip biçmek	VERB	1	video	Education & Language	idioms
keskin zekâ	NOUN	1	literature	Emotions & Mental Processes	intelligence and reasoning
ketenpereye getirmek	VERB	1	literature	Education & Language	idioms
keyfi bozulmak	VERB	1	literature	Education & Language	idioms
keyfinden bayılmak	VERB	1	video	Education & Language	idioms
keyfine diyecek olmamak	VERB	1	video	Education & Language	idioms
keyiften dörtköşe olmak	VERB	1	literature	Education & Language	idioms
kibarlık taslamak	VERB	1	literature	Education & Language	idioms
kilimci ile kör hacı	NA	1	video	Education & Language	idioms
kilit kürek altına almak	VERB	1	video	Education & Language	idioms
kilometre yapmak	VERB	1	video	Transportation, Travel & Safety	travel
kin bağlamak	VERB	1	meb	Emotions & Mental Processes	emotions
kına koymak	VERB	1	literature	Education & Language	idioms
kına sürmek	VERB	1	literature	Education & Language	idioms
kına vurmak	VERB	1	literature	Education & Language	idioms
kına yakınmak	VERB	1	video	Education & Language	idioms
kıran kırana	NOUNJ	1	literature	Education & Language	idioms
kırık plak gibi	NA	1	video	Education & Language	idioms
kırılıp bükülmek	VERB	1	tubitak	Education & Language	idioms
kırılıp dökülmek	VERB	1	tubitak	Education & Language	idioms
kırk bir buçuk kere maşallah	NA	1	video	Education & Language	idioms
kısmet beklemek	VERB	1	meb	Education & Language	idioms
kısmeti bağlanmak	VERB	1	video	Education & Language	idioms
kısmeti kesilmek	VERB	1	literature	Education & Language	idioms
koçan bağlamak	VERB	1	literature	Education & Language	idioms
kodesi boylamak	VERB	1	video	Education & Language	idioms
kökü kazınmak	VERB	1	literature	Education & Language	idioms
köküne kibrit suyu	NA	1	literature	Education & Language	idioms
köküne kibrit suyu dökmek	VERB	1	literature	Education & Language	idioms
koltukları kabarmak	VERB	1	video	Education & Language	idioms
komplekse kapılmak	VERB	1	tubitak	Emotions & Mental Processes	emotions
kontak anahtarı	NOUN	1	literature	Transportation, Travel & Safety	vehicles
köprünün altından çok su aktı	NA	1	literature	Education & Language	idioms
korkuya kesmek	VERB	1	literature	Education & Language	idioms
koşun bağlamak	VERB	1	tubitak	Education & Language	idioms
kötü yola sapmak	VERB	1	video	Personality, Values & Behavior	morality
kötü yola saptırmak	VERB	1	tubitak	Personality, Values & Behavior	morality
kötü yola sürüklemek	VERB	1	literature	Personality, Values & Behavior	morality
koynunda yılan beslemek	VERB	1	meb	Education & Language	idioms
kozunu oynamak	VERB	1	literature	Education & Language	idioms
küçükle küçük, büyükle büyük olmak	VERB	1	meb	Education & Language	idioms
küf tutmak	VERB	1	video	Education & Language	idioms
kül yemek	VERB	1	literature	Education & Language	idioms
kulağına çalınmak	VERB	1	literature	Education & Language	idioms
kulağına koymak	VERB	1	literature	Education & Language	idioms
külahını havaya atmak	VERB	1	literature	Education & Language	idioms
kulakları paslanmak	VERB	1	video	Education & Language	idioms
külçe gibi oturmak	VERB	1	tubitak	Education & Language	idioms
külçe kesilmek	VERB	1	literature	Education & Language	idioms
külfete katlanmak	VERB	1	meb	Education & Language	idioms
kulp takmak	VERB	1	literature	Education & Language	idioms
kündeden atmak	VERB	1	literature	Education & Language	idioms
kündeye almak	VERB	1	literature	Education & Language	idioms
kündeye gelmek	VERB	1	literature	Education & Language	idioms
kündeye getirilmek	VERB	1	literature	Education & Language	idioms
kündeye getirmek	VERB	1	literature	Education & Language	idioms
künyesi gelmek	VERB	1	literature	Education & Language	idioms
kupkuru kesilmek	VERB	1	literature	Education & Language	idioms
küpünü doldurmak	VERB	1	tubitak	Education & Language	idioms
kurban gitmek	VERB	1	literature	Education & Language	idioms
kurdunu kırmak	VERB	1	tubitak	Education & Language	idioms
kürek kadar dili olmak	VERB	1	video	Education & Language	idioms
kuru başına kalmak	VERB	1	tubitak	Education & Language	idioms
kuru gürültüye pabuç bırakmamak	VERB	1	literature	Education & Language	idioms
kuru tahtada kalmak	VERB	1	video	Education & Language	idioms
kurum kurum kurulmak	VERB	1	tubitak	Education & Language	idioms
kürünü öldürmek	VERB	1	literature	Education & Language	idioms
kuş kanadıyla gitmek	VERB	1	video	Education & Language	idioms
kuş sütü ile beslemek	VERB	1	literature	Education & Language	idioms
kütüğe geçirmek	VERB	1	meb	Education & Language	idioms
kuzu kesilmek	VERB	1	literature	Education & Language	idioms
laçka etmek	VERB	1	video	Education & Language	idioms
laçka olmak	VERB	1	video	Education & Language	idioms
lades tutuşmak	VERB	1	video	Education & Language	idioms
laf çakmak	VERB	1	video	Education & Language	idioms
laf dokundurmak	VERB	1	literature	Education & Language	idioms
laf olsun âdet yerini bulsun	NA	1	meb	Education & Language	idioms
laf oturtmak	VERB	1	literature	Education & Language	idioms
laf söyledi bal kabağı!	NA	1	tubitak	Education & Language	idioms
laf yakıştırmak	VERB	1	literature	Education & Language	idioms
lafı ağzında bırakmak	VERB	1	tubitak	Education & Language	idioms
lafı ağzında gevelemek	VERB	1	video	Education & Language	idioms
lafı bağlamak	VERB	1	video	Education & Language	idioms
lafı balla kesmek	VERB	1	video	Education & Language	idioms
lafı değiştirmek	VERB	1	literature	Education & Language	idioms
lafı dolandırmak	VERB	1	video	Education & Language	idioms
lafı döndürüp dolaştırmak	VERB	1	literature	Education & Language	idioms
lafı kısa kesmek	VERB	1	meb	Education & Language	idioms
lafı sulandırmak	VERB	1	tubitak	Education & Language	idioms
lafını yedirmek	VERB	1	video	Education & Language	idioms
lağımla atmak	VERB	1	literature	Violence & Conflict	violence
lahavle okumak	VERB	1	literature	Education & Language	idioms
lakırtı etmek	VERB	1	video	Education & Language	idioms
lakırtı taşımak	VERB	1	tubitak	Education & Language	idioms
lakırtı yetiştirmek	VERB	1	tubitak	Education & Language	idioms
lamelif çizmek	VERB	1	meb	Education & Language	idioms
lapa gibi	NA	1	video	Education & Language	idioms
larp diye	NA	1	video	Education & Language	idioms
layığını bulmak	VERB	1	video	Education & Language	idioms
leke getirmek	VERB	1	video	Education & Language	idioms
leke sürmek	VERB	1	literature	Education & Language	idioms
leş gibi serilmek	VERB	1	video	Education & Language	idioms
lezzetini çıkarmak	VERB	1	video	Education & Language	idioms
lügat paralamak	VERB	1	literature	Education & Language	idioms
maaşa geçmek	VERB	1	literature	Work & Economy	occupations
madalyonun ters tarafı	NA	1	video	Education & Language	idioms
madalyonun tersi	NA	1	video	Education & Language	idioms
madara etmek	VERB	1	video	Education & Language	idioms
madara olmak	VERB	1	video	Education & Language	idioms
mahal kalmamak	VERB	1	literature	Education & Language	idioms
mahal yok	NA	1	tubitak	Education & Language	idioms
maharet kazanmak	VERB	1	literature	Education & Language	idioms
mahcup etmek	VERB	1	video	Emotions & Mental Processes	emotions
mahcup kalmak	VERB	1	literature	Education & Language	idioms
mahkûm etmek	VERB	1	video|literature	Transportation, Travel & Safety	safety rules
mahkûm olmak	VERB	1	meb|video|literature	Transportation, Travel & Safety	safety rules
mahzur doğurmak	VERB	1	literature	Education & Language	idioms
mahzur görmek	VERB	1	literature	Education & Language	idioms
makara çekmek	VERB	1	tubitak	Education & Language	idioms
makas değiştirmek	VERB	1	video	Education & Language	idioms
makineli tüfek gibi	NA	1	video	Education & Language	idioms
maksat gütmek	VERB	1	literature	Education & Language	idioms
mal meydanda	NA	1	literature	Education & Language	idioms
malı götürmek	VERB	1	literature	Education & Language	idioms
malum değil	NA	1	video	Education & Language	idioms
mana vermek	VERB	1	literature	Education & Language	idioms
manda gibi yayılmak	VERB	1	tubitak	Education & Language	idioms
mandepsiye düşürmek	VERB	1	video	Education & Language	idioms
maneviyatı bozulmak	VERB	1	tubitak	Emotions & Mental Processes	emotions
maneviyatı kırılmak	VERB	1	literature	Emotions & Mental Processes	emotions
mangal gibi yüreği olmak	VERB	1	video	Education & Language	idioms
mâni düzmek	VERB	1	literature	Literature & Publishing	poetry
mâni yakmak	VERB	1	video	Literature & Publishing	poetry
manken gibi	NA	1	literature	Personality, Values & Behavior	appearance
mantar gibi bitmek	VERB	1	tubitak	Education & Language	idioms
marifetini göstermek	VERB	1	video	Personality, Values & Behavior	behavior
mart havası gibi	NA	1	tubitak	Personality, Values & Behavior	personality
martaval atmak	VERB	1	tubitak	Education & Language	idioms
martaval okumak	VERB	1	tubitak	Education & Language	idioms
maruz olmak	VERB	1	meb	Other	other
maskara etmek	VERB	1	video	Education & Language	idioms
maskesini atmak	VERB	1	literature	Education & Language	idioms
maskesini kaldırmak	VERB	1	literature	Education & Language	idioms
matem tutmak	VERB	1	literature	Education & Language	idioms
matiz olmak	VERB	1	video	Education & Language	idioms
matrağa almak	VERB	1	video	Education & Language	idioms
maval okumak	VERB	1	video	Education & Language	idioms
mavi boncuk dağıtmak	VERB	1	meb	Education & Language	idioms
mavra atmak	VERB	1	video	Education & Language	idioms
mayın dökmek	VERB	1	meb	Emotions & Mental Processes	action
mayna etmek	VERB	1	video	Education & Language	idioms
maytap geçmek	VERB	1	literature	Education & Language	idioms
mecali kalmamak	VERB	1	literature	Education & Language	idioms
medar olmak	VERB	1	video	Education & Language	idioms
mehtaba çıkmak	VERB	1	literature	Education & Language	idioms
mekik atmak	VERB	1	tubitak	Education & Language	idioms
mektebi asmak	VERB	1	literature	Education & Language	school
menzil atmak	VERB	1	video|literature	Education & Language	idioms
merakına dokunmak	VERB	1	video	Emotions & Mental Processes	emotions
meramını anlatmak	VERB	1	literature	Other	other
mesafe almak	VERB	1	literature	Education & Language	idioms
meşakkate katlanmak	VERB	1	meb	Personality, Values & Behavior	behavior
meşk almak	VERB	1	literature	Education & Language	idioms
meskût kalmak	VERB	1	literature	Emotions & Mental Processes	emotions
mesleğinin erbabı olmak	VERB	1	tubitak	Work & Economy	occupations
mesleğinin eri olmak	VERB	1	tubitak	Work & Economy	occupations
mesleki eğitim	NOUN	1	meb	Work & Economy	occupations
meşru sayılmak	VERB	1	tubitak	Education & Language	idioms
mesul tutmak	VERB	1	video	People & Relationships	responsibilities
mesuliyet almak	VERB	1	meb	People & Relationships	responsibilities
meydan açmak	VERB	1	literature	Education & Language	idioms
meydana vurmak	VERB	1	literature	Other	other
meydanı (bir şeye) bırakmak	VERB	1	video	Education & Language	idioms
meydanı boş bulmak	VERB	1	video	Education & Language	idioms
mezada çıkarmak	VERB	1	literature	Personal Care & Consumer Life	shopping
miadı dolmak	VERB	1	video	Other	other
midesi ekşimek	VERB	1	literature	Health & Medicine	diseases
midesi ezilmek	VERB	1	meb	Health & Medicine	diseases
midesi götürmemek	VERB	1	tubitak	Education & Language	idioms
midesi yanmak	VERB	1	literature	Education & Language	idioms
mikrofona koymak	VERB	1	literature	Other	other
mikroskop altına almak	VERB	1	tubitak	Education & Language	idioms
mikroskop altına koymak	VERB	1	tubitak|literature	Education & Language	idioms
mil yapmak	VERB	1	video	Transportation, Travel & Safety	travel
milim şaşmamak	VERB	1	literature	Education & Language	idioms
minderden kaçmak	VERB	1	literature	Education & Language	idioms
minnet altında kalmamak	VERB	1	video	Emotions & Mental Processes	emotions
mirasa konmak	VERB	1	literature	Education & Language	idioms
misafir gibi oturmak	VERB	1	saha	Education & Language	idioms
mobil bankacılık	NOUN	1	meb	Work & Economy	financial concepts
morga kaldırmak	VERB	1	video	Education & Language	idioms
mosmor kesilmek	VERB	1	literature	Education & Language	idioms
mostra olmak	VERB	1	tubitak	Education & Language	idioms
muaf tutmak	VERB	1	literature	Education & Language	idioms
muammer olmak	VERB	1	literature	Education & Language	idioms
mübah görmek	VERB	1	literature	Other	other
mübah saymak	VERB	1	literature	Other	other
muhafaza altına almak	VERB	1	literature	Education & Language	idioms
muhakeme etmek	VERB	1	literature	Emotions & Mental Processes	intelligence and reasoning
müjde koşturmak	VERB	1	video	Education & Language	idioms
mukabele okumak	VERB	1	video	History, Politics & Religion	religion
mukabelede bulunmak	VERB	1	literature	Personality, Values & Behavior	behavior
mukavemeti kırılmak	VERB	1	video	Education & Language	idioms
muma döndürmek	VERB	1	tubitak	Education & Language	idioms
münasebet almak	VERB	1	video	Education & Language	idioms
muradı gözünde kalmak	VERB	1	literature	Education & Language	idioms
mürekkep olmak	VERB	1	literature	Education & Language	idioms
müsaade buyurmak	VERB	1	literature	Education & Language	idioms
müsaade etmek	VERB	1	video	Personality, Values & Behavior	behavior
müsamaha etmek	VERB	1	meb	Personality, Values & Behavior	tolerance
müstahak olmak	VERB	1	literature	Education & Language	idioms
nabız almak	VERB	1	tubitak	Education & Language	idioms
nabzı atmak	VERB	1	literature	Education & Language	idioms
nabzını tutmak	VERB	1	meb	Health & Medicine	medicine
nafaka bağlanmak	VERB	1	video	Work & Economy	financial concepts
nağme yapmak	VERB	1	video	Arts, Media & Entertainment	music
nal toplamak	VERB	1	meb	Education & Language	idioms
nam almak	VERB	1	literature	Education & Language	idioms
namaz niyaz	NOUN	1	literature	History, Politics & Religion	religion
namı nişanı kalmamak	VERB	1	video	Education & Language	idioms
nanik yapmak	VERB	1	literature	Education & Language	idioms
narh koymak	VERB	1	meb	Education & Language	idioms
nazire yapmak	VERB	1	tubitak	Education & Language	idioms
nazına katlanmak	VERB	1	meb	Education & Language	idioms
ne altını bırakmak ne üstünü	NA	1	tubitak	Education & Language	idioms
ne mal olduğunu anlamak	VERB	1	video	Education & Language	idioms
ne oldum delisi olmak	VERB	1	video	Education & Language	idioms
nefesi durmak	VERB	1	literature	Health & Medicine	medicine
nefret duymak	VERB	1	literature	Emotions & Mental Processes	emotions
nefsine uymak	VERB	1	video	Education & Language	idioms
neşter vurmak	VERB	1	tubitak	Education & Language	idioms
neye uğradığını anlamamak	VERB	1	video	Education & Language	idioms
neye uğradığını şaşırmak	VERB	1	literature	Education & Language	idioms
nezarete almak	VERB	1	literature	Emotions & Mental Processes	action
nifak sokmak	VERB	1	literature	Education & Language	idioms
nikâh kıymak	VERB	1	literature	History, Politics & Religion	special days
nispet vermek	VERB	1	video	Education & Language	idioms
nispet yapmak	VERB	1	literature	Education & Language	idioms
nispeti olmak	VERB	1	literature	Other	other
niyet tutmak	VERB	1	literature	Education & Language	idioms
nöbet çalmak	VERB	1	video	Education & Language	idioms
noksan bulmak	VERB	1	literature	Education & Language	idioms
noktasına virgülüne dokunmadan	NA	1	meb	Education & Language	idioms
nostalji uyandırmak	VERB	1	tubitak	Emotions & Mental Processes	emotions
not atmak	VERB	1	video	Education & Language	idioms
nüfusunu çıkarmak	VERB	1	tubitak	Other	other
nükte yapmak	VERB	1	literature	Education & Language	idioms
o mahalle senin bu mahalle benim	NA	1	video	Education & Language	idioms
o taraflı olmamak	VERB	1	meb	Personality, Values & Behavior	behavior
o tarakta bezi olmamak	VERB	1	tubitak	Education & Language	idioms
öbür dünyayı boylamak	VERB	1	literature	Education & Language	idioms
ocağı batmak	VERB	1	tubitak	Education & Language	idioms
ocağı kör kalmak	VERB	1	tubitak	Education & Language	idioms
öcünü çıkarmak	VERB	1	literature	Education & Language	idioms
öfkesi başına çıkmak	VERB	1	literature	Emotions & Mental Processes	emotions
öfkesi başına sıçramak	VERB	1	literature	Emotions & Mental Processes	emotions
öfkesi başına vurmak	VERB	1	meb	Emotions & Mental Processes	emotions
öfkeye kapılmak	VERB	1	literature	Emotions & Mental Processes	emotions
ofsayta düşmek	VERB	1	tubitak	Sports, Games & Recreation	sports
ofsaytta kalmak	VERB	1	tubitak	Sports, Games & Recreation	sports
öğür olmak	VERB	1	literature	Education & Language	idioms
öğütte bulunmak	VERB	1	literature	Personality, Values & Behavior	morality
ok meydanında buhurdan yakmak	VERB	1	literature	Education & Language	idioms
ökseye basmak	VERB	1	tubitak	Education & Language	idioms
okumayı sökmek	VERB	1	video	Education & Language	school
öküz gibi bakmak	VERB	1	video	Education & Language	idioms
öküzün altında buzağı aramak	VERB	1	literature	Education & Language	idioms
olay yapmak	VERB	1	literature	Education & Language	idioms
olay yaratmak	VERB	1	video	Education & Language	idioms
oltaya vurmak	VERB	1	literature	Education & Language	idioms
oluk gibi akmak	VERB	1	literature	Education & Language	idioms
oluk oluk	NOUN	1	literature	Other	other
ölüm döşeğinde olmak	VERB	1	literature	Health & Medicine	diseases
ölüm kalım savaşı olmak	VERB	1	literature	Education & Language	idioms
ölüm kalım savaşı yapmak	VERB	1	literature	Education & Language	idioms
ölümün soluğunu ensesinde duymak	VERB	1	video	Education & Language	idioms
ölümüne susamak	VERB	1	literature	Education & Language	idioms
olur almak	VERB	1	video	Education & Language	idioms
olur vermek	VERB	1	literature	Education & Language	idioms
oluruna bırakmak	VERB	1	literature	Education & Language	idioms
ölüsü ortada kalmak	VERB	1	video	Education & Language	idioms
ömrüne ömür katmak	VERB	1	tubitak	Education & Language	idioms
on parmağında on kara	NA	1	literature	Personality, Values & Behavior	personality
ona buna dil uzatmak	VERB	1	literature	Education & Language	idioms
önü alınmak	VERB	1	tubitak|meb|literature	Education & Language	idioms
öpücük yollamak	VERB	1	video	Emotions & Mental Processes	emotions
orman taşlamak	VERB	1	video	Education & Language	idioms
örnek oluşturmak	VERB	1	tubitak	Other	other
örs ve çekiç arasında kalmak	VERB	1	tubitak	Education & Language	idioms
ortalık ağarmak	VERB	1	literature	Education & Language	idioms
ortalık kararmak	VERB	1	literature	Education & Language	idioms
ortalık yatışmak	VERB	1	video	Education & Language	idioms
ortaya atılmak	VERB	1	tubitak	Education & Language	idioms
örtüye koymak	VERB	1	literature	Education & Language	idioms
örtüye sokmak	VERB	1	tubitak	Education & Language	idioms
örülü olmak	VERB	1	literature	Education & Language	idioms
otomatiğe bağlamak	VERB	1	video	Education & Language	idioms
otorite sağlamak	VERB	1	meb	Personality, Values & Behavior	behavior
otuz iki dişe keman çaldırmak	VERB	1	literature	Education & Language	idioms
övünç duymak	VERB	1	tubitak	Emotions & Mental Processes	emotions
övünmek gibi olmasın	NA	1	literature	Education & Language	idioms
oydaş olmak	VERB	1	tubitak	Education & Language	idioms
oylamaya geçmek	VERB	1	tubitak	History, Politics & Religion	politics
oylamaya koymak	VERB	1	tubitak	History, Politics & Religion	politics
özenip bezenmek	VERB	1	literature	Education & Language	idioms
özü sözü bir	NA	1	meb	Education & Language	idioms
özü sözü bir olmak	VERB	1	meb	Education & Language	idioms
pabuç pahalı	NA	1	meb	Education & Language	idioms
pabucunu eline vermek	VERB	1	tubitak	Education & Language	idioms
paçalarından akmak	VERB	1	video	Education & Language	idioms
paçalarından kibarlık akmak	VERB	1	literature	Education & Language	idioms
paçası düşükmek	VERB	1	tubitak	Education & Language	idioms
paçayı kaptırmak	VERB	1	video	Education & Language	idioms
paçayı kurtarmak	VERB	1	video	Education & Language	idioms
paçayı sıyırmak	VERB	1	video	Education & Language	idioms
paha biçilmez	NA	1	literature	Education & Language	idioms
pahalıya oturmak	VERB	1	literature	Education & Language	idioms
palas pandıras	NOUN	1	meb	Education & Language	idioms
palavra savurmak	VERB	1	literature	Education & Language	idioms
palavra sıkmak	VERB	1	literature	Education & Language	idioms
papara yemek	VERB	1	literature	Education & Language	idioms
para canlısı	NOUNJ	1	video	Personality, Values & Behavior	personality
para sızdırmak	VERB	1	tubitak	Work & Economy	financial concepts
para yedirmek	VERB	1	tubitak	Work & Economy	financial concepts
parantez açmak	VERB	1	tubitak	Education & Language	idioms
paraya çevirmek	VERB	1	tubitak	Work & Economy	financial concepts
parmağına dolamak	VERB	1	literature	Education & Language	idioms
parmağını bile kıpırdatmamak	VERB	1	video	Education & Language	idioms
parmaklarını birlikte yemek	VERB	1	tubitak	Education & Language	idioms
pasaportunu eline vermek	VERB	1	literature	Education & Language	idioms
patırtı çıkarmak	VERB	1	literature	Education & Language	idioms
pay biçmek	VERB	1	literature	Education & Language	idioms
paye vermek	VERB	1	literature	Education & Language	idioms
payidar olmak	VERB	1	meb	Education & Language	idioms
perdesi sıyrık	NOUNJ	1	meb	Personality, Values & Behavior	personality
perdesi yırtık	NOUNJ	1	literature	Personality, Values & Behavior	personality
peşinde koşmak	VERB	1	video	Education & Language	idioms
peynir ekmek gibi	NA	1	tubitak	Education & Language	idioms
pireye kızıp yorgan yakmak	VERB	1	literature	Education & Language	idioms
pis pis düşünmek	VERB	1	video	Education & Language	idioms
pis pis gülmek	VERB	1	literature	Personality, Values & Behavior	behavior
pisi pisine	NOUN	1	video	Education & Language	idioms
posasını çıkarmak	VERB	1	video	Education & Language	idioms
post kavgası	NOUN	1	literature	Education & Language	idioms
postayı kesmek	VERB	1	tubitak	Education & Language	idioms
postu deldirmek	VERB	1	literature	Education & Language	idioms
postu kurtarmak	VERB	1	video	Education & Language	idioms
postu sermek	VERB	1	literature	Education & Language	idioms
prangaya vurmak	VERB	1	literature	Education & Language	idioms
pres yapmak	VERB	1	tubitak	Sports, Games & Recreation	sports
protesto edilmek	VERB	1	literature	History, Politics & Religion	politics
puan tutturmak	VERB	1	tubitak	Education & Language	idioms
punduna getirmek	VERB	1	literature	Education & Language	idioms
pundunu bulmak	VERB	1	video	Education & Language	idioms
pupa yelken ilerlemek	VERB	1	literature	Education & Language	idioms
rahata kavuşmak	VERB	1	literature	Education & Language	idioms
rahmet okumak	VERB	1	literature	Education & Language	idioms
rahmetli olmak	VERB	1	saha	Education & Language	idioms
rayına girmek	VERB	1	literature	Education & Language	idioms
rayına koymak	VERB	1	meb	Education & Language	idioms
rencide etmek	VERB	1	video	Emotions & Mental Processes	emotions
resmî dil	NOUN	1	tubitak	Education & Language	languages
resmî nikâh	NOUN	1	video	History, Politics & Religion	special days
resmiyete dökmek	VERB	1	literature	Education & Language	idioms
ruhunda güneş açmak	VERB	1	literature	Education & Language	idioms
ruhunu okşamak	VERB	1	literature	Emotions & Mental Processes	emotions
rüyasında görse hayra yormamak	VERB	1	tubitak	Education & Language	idioms
rüzgâr almak	VERB	1	video|literature	Education & Language	idioms
rüzgârdan nem kapmak	VERB	1	video	Education & Language	idioms
sabahı sabah etmek	VERB	1	saha	Education & Language	idioms
saç saça baş başa	NA	1	video	Violence & Conflict	violence
saçı bitmedik yetim	NA	1	literature	Education & Language	idioms
saçılıp dökülmek	VERB	1	tubitak	Education & Language	idioms
saçına başına bakmamak	VERB	1	literature	Education & Language	idioms
şafak atmak	VERB	1	literature	Education & Language	idioms
sağ gözünü sol gözünden sakınmak	VERB	1	literature	Education & Language	idioms
sağlama bağlamak	VERB	1	literature	Education & Language	idioms
sağmal inek	NOUN	1	video	Education & Language	idioms
sahip kılmak	VERB	1	tubitak	Education & Language	idioms
sakalı değirmende ağartmak	VERB	1	video	Education & Language	idioms
sakalına ak düşmek	VERB	1	literature	Education & Language	idioms
sakalına kar yağmak	VERB	1	video	Education & Language	idioms
sakalına kır düşmek	VERB	1	video	Education & Language	idioms
şakaya getirmek	VERB	1	video	Personality, Values & Behavior	behavior
sallantıda kalmak	VERB	1	tubitak	Education & Language	idioms
şapa oturmak	VERB	1	video	Education & Language	idioms
sapı silik	NOUN	1	tubitak	Personality, Values & Behavior	personality
şart getirmek	VERB	1	literature	Education & Language	idioms
savunma yapmak	VERB	1	literature	Sports, Games & Recreation	sports
sebil etmek	VERB	1	literature	Education & Language	idioms
selamete çıkmak	VERB	1	literature	Education & Language	idioms
sen sağ, ben selamet	NA	1	literature	Education & Language	idioms
senet sepet	NOUN	1	video	Personal Care & Consumer Life	shopping
senet vermek	VERB	1	literature	Work & Economy	financial concepts
seni gidi seni	NA	1	literature	Other	other
sere serpe	NOUN	1	meb	Education & Language	idioms
sermaye yapmak	VERB	1	literature	Work & Economy	financial concepts
şevk vermek	VERB	1	literature	Emotions & Mental Processes	emotions
seyran etmek	VERB	1	literature	Education & Language	idioms
seyran eylemek	VERB	1	literature	Education & Language	idioms
seyrana çıkmak	VERB	1	video	Education & Language	idioms
şeytan aldatmak	VERB	1	literature	Education & Language	idioms
şeytan dürtmek	VERB	1	video	Education & Language	idioms
şeytan görsün yüzünü	NA	1	video	Education & Language	idioms
şeytana külahı ters giydirmek	VERB	1	literature	Emotions & Mental Processes	intelligence and reasoning
şeytanın arka bacağı	NA	1	tubitak	Education & Language	idioms
şeytanın yattığı yeri bilmek	VERB	1	video	Education & Language	idioms
şimdiden tezi yok	NA	1	video	Time, Numbers & Measurement	time
sinekten yağ çıkarmak	VERB	1	tubitak	Education & Language	idioms
sinirleri gevşemek	VERB	1	tubitak	Education & Language	idioms
sipsivri kalmak	VERB	1	tubitak	Education & Language	idioms
şirazeden çıkmak	VERB	1	literature	Education & Language	idioms
sıcak yüz göstermek	VERB	1	tubitak	Education & Language	idioms
sıçana dönmek	VERB	1	video	Personality, Values & Behavior	appearance
sıdkı sıyrılmak	VERB	1	literature	Education & Language	idioms
sıfır çekmek	VERB	1	video	Education & Language	idioms
sıfıra sıfır, elde var sıfır	NA	1	literature	Education & Language	idioms
sıkboğaz etmek	VERB	1	literature	Education & Language	idioms
sır küpü	NOUN	1	video	Personality, Values & Behavior	personality
sıra savmak	VERB	1	tubitak	Education & Language	idioms
slogan atmak	VERB	1	literature	Education & Language	idioms
sol tarafından kalkmak	VERB	1	literature	Personality, Values & Behavior	behavior
solda sıfır	NA	1	literature	Education & Language	idioms
solda sıfır kalmak	VERB	1	literature	Education & Language	idioms
soluk aldırmamak	VERB	1	literature	Education & Language	idioms
söz götürmek	VERB	1	video	Education & Language	idioms
söz kaldıramamak	VERB	1	literature	Education & Language	idioms
sözde kalmak	VERB	1	literature	Education & Language	idioms
sözü ağzında bırakmak	VERB	1	literature	Education & Language	idioms
sözü bağlamak	VERB	1	literature	Education & Language	idioms
sözüm meclisten dışarı	NA	1	literature	Education & Language	idioms
sözünü esirgememek	VERB	1	literature	Education & Language	idioms
start almak	VERB	1	video	Emotions & Mental Processes	action
su dökünmek	VERB	1	tubitak	Education & Language	idioms
su yüzü görmemiş	NA	1	tubitak	Education & Language	idioms
suç duyurusunda bulunmak	VERB	1	tubitak	Transportation, Travel & Safety	safety rules
sükûtla geçiştirmek	VERB	1	literature	Personality, Values & Behavior	behavior
sürüncemede kalmak	VERB	1	literature	Time, Numbers & Measurement	time
taban tabana zıt	NA	1	tubitak	Education & Language	idioms
taban tepmek	VERB	1	tubitak	Education & Language	idioms
tabi tutmak	VERB	1	literature	Education & Language	idioms
tahliye edilmek	VERB	1	literature	Earth, Geography & Natural Phenomena	disasters
tahrik olmak	VERB	1	literature	Emotions & Mental Processes	emotions
talim etmek	VERB	1	literature	Personality, Values & Behavior	behavior
tam adamını bulmak	VERB	1	literature	Education & Language	idioms
taşı gediğine koymak	VERB	1	meb	Education & Language	idioms
tasvip etmek	VERB	1	literature	Personality, Values & Behavior	behavior
tavır koymak	VERB	1	literature	Personality, Values & Behavior	behavior
tavşanın suyunun suyu	NA	1	meb	Education & Language	idioms
tebdil gezmek	VERB	1	literature	Education & Language	idioms
telleyip pullamak	VERB	1	literature	Education & Language	idioms
teminat vermek	VERB	1	video	Education & Language	idioms
temize çıkmak	VERB	1	video	Education & Language	idioms
tenkit etmek	VERB	1	video	Personality, Values & Behavior	behavior
tepesinde havan dövmek	VERB	1	tubitak	Education & Language	idioms
tepki koymak	VERB	1	literature	Personality, Values & Behavior	behavior
tereciye tere satmak	VERB	1	literature	Education & Language	idioms
teşhir etmek	VERB	1	video	Personality, Values & Behavior	behavior
teşhis koymak	VERB	1	literature	Health & Medicine	diseases
tesis etmek	VERB	1	literature	Other	other
teşmil etmek	VERB	1	literature	Education & Language	idioms
tezkeresini eline vermek	VERB	1	literature	Education & Language	idioms
tik atmak	VERB	1	video	Other	other
tığ gibi	NA	1	video	Personality, Values & Behavior	appearance
tıka basa yemek	VERB	1	literature	Education & Language	idioms
tıkırında gitmek	VERB	1	literature	Education & Language	idioms
tıkırında olmak	VERB	1	literature	Education & Language	idioms
tırnak sürüştürmek	VERB	1	tubitak	Education & Language	idioms
tırpan atmak	VERB	1	tubitak	Education & Language	idioms
tokat aşk etmek	VERB	1	literature	Education & Language	idioms
tongaya düşmek	VERB	1	video	Education & Language	idioms
toprağı bol olsun	NA	1	tubitak	Education & Language	idioms
topu taca atmak	VERB	1	video	Sports, Games & Recreation	sports
tükürdüğünü yalamak	VERB	1	literature	Education & Language	idioms
turşu gibi olmak	VERB	1	tubitak	Education & Language	idioms
tut kelin perçeminden	NA	1	literature	Education & Language	idioms
tuz biber ekmek	VERB	1	literature	Education & Language	idioms
ucuza kapatmak	VERB	1	video	Education & Language	idioms
ümitsizliğe düşmek	VERB	1	literature	Emotions & Mental Processes	emotions
üstü başı dökülmek	VERB	1	literature	Education & Language	idioms
üstüne alınmak	VERB	1	video|literature	Emotions & Mental Processes	emotions
üstüne bir bardak soğuk su içmek	VERB	1	video	Education & Language	idioms
üstüne bir bardak su içmek	VERB	1	video	Education & Language	idioms
üstüne fenalık gelmek	VERB	1	video	Emotions & Mental Processes	emotions
üstüne gül koklamamak	VERB	1	video	Education & Language	idioms
üstüne titremek	VERB	1	meb	Education & Language	idioms
üstüne tuz biber ekmek	VERB	1	literature	Education & Language	idioms
utancından yere geçmek	VERB	1	literature	Emotions & Mental Processes	emotions
uyku gözünden akmak	VERB	1	literature	Education & Language	idioms
üzerine ölü toprağı serpilmiş gibi	NA	1	literature	Education & Language	idioms
uzun atlama	NOUN	1	video	Sports, Games & Recreation	sports
vaadini tutmak	VERB	1	literature	Education & Language	idioms
vaaz vermek	VERB	1	literature	History, Politics & Religion	religion
vadesi gelmek	VERB	1	video	Work & Economy	financial concepts
vebali boynuna	NA	1	tubitak	Education & Language	idioms
veto etmek	VERB	1	literature	History, Politics & Religion	politics
voli vurmak	VERB	1	video	Education & Language	idioms
vücuda getirmek	VERB	1	tubitak	Emotions & Mental Processes	action
vücudunu ortadan kaldırmak	VERB	1	video	Violence & Conflict	violence
vur deyince öldürmek	VERB	1	literature	Education & Language	idioms
vur patlasın, çal oynasın	NA	1	video	Education & Language	idioms
yağ bal olsun	NA	1	literature	Education & Language	idioms
yağma gitmek	VERB	1	literature	Education & Language	idioms
yağma yok	NA	1	literature	Education & Language	idioms
yağmurdan kaçarken doluya tutulmak	VERB	1	literature	Education & Language	idioms
yaka paça götürmek	VERB	1	video	Education & Language	idioms
yakasına sarılmak	VERB	1	literature	Education & Language	idioms
yakasını kaptırmak	VERB	1	literature	Education & Language	idioms
yakınlık duymak	VERB	1	tubitak	Emotions & Mental Processes	emotions
yalın ayak, başı kabak	NA	1	literature	Education & Language	idioms
yalpa vurmak	VERB	1	tubitak	Education & Language	idioms
yangın bacayı sarmak	VERB	1	literature	Education & Language	idioms
yanına kâr kalmak	VERB	1	video	Education & Language	idioms
yanıp yakılmak	VERB	1	literature	Education & Language	idioms
yanlış kapı çalmak	VERB	1	video	Education & Language	idioms
yâr etmek	VERB	1	meb	Personality, Values & Behavior	love
yaşını içine akıtmak	VERB	1	literature	Education & Language	idioms
yazboz tahtasına döndürmek	VERB	1	literature	Education & Language	idioms
ye kürküm ye!	NA	1	tubitak	Education & Language	idioms
yediği naneye bak!	NA	1	video	Education & Language	idioms
yel yeperek yelken kürek	NA	1	video	Education & Language	idioms
yemeden içmeden kesilmek	VERB	1	video	Education & Language	idioms
yenilir yutulur lokma olmamak	VERB	1	literature	Education & Language	idioms
yer demir gök bakır	NA	1	tubitak	Education & Language	idioms
yerden yere çalmak	VERB	1	tubitak	Education & Language	idioms
yeri yurdu belirsiz olmak	VERB	1	tubitak	Education & Language	idioms
yerin dibine geçmek	VERB	1	literature	Emotions & Mental Processes	emotions
yerin dibine sokmak	VERB	1	video	Education & Language	idioms
yerine oturmak	VERB	1	tubitak	Education & Language	idioms
yiğitlik sende kalsın	NA	1	literature	Education & Language	idioms
yiyip bitirmek	VERB	1	video	Education & Language	idioms
yıldırımları üstüne çekmek	VERB	1	tubitak	Education & Language	idioms
yıldızı barışmamak	VERB	1	video	Education & Language	idioms
yok devenin başı	NA	1	literature	Education & Language	idioms
yol etmek	VERB	1	literature	Education & Language	idioms
yolunu sapıtmak	VERB	1	video	Education & Language	idioms
yuh çekmek	VERB	1	literature	Education & Language	idioms
yüksek perdeden konuşmak	VERB	1	saha	Education & Language	idioms
yüreği ezilmek	VERB	1	literature	Education & Language	idioms
yüreği kalkmak	VERB	1	literature	Emotions & Mental Processes	emotions
yüreği kararmak	VERB	1	literature	Education & Language	idioms
yüreği katılmak	VERB	1	meb	Personality, Values & Behavior	behavior
yüreği parçalanmak	VERB	1	literature	Emotions & Mental Processes	emotions
yüreği yerinden oynamak	VERB	1	literature	Education & Language	idioms
yürürlüğe konmak	VERB	1	literature	Emotions & Mental Processes	general rules
yüz aklığı göstermek	VERB	1	literature	Personality, Values & Behavior	morality
yüzsuyu dökmek	VERB	1	literature	Education & Language	idioms
yüzü gözü açılmak	VERB	1	video	Education & Language	idioms
yüzü sıcak olmak	VERB	1	literature	Education & Language	idioms
yüzü soğuk olmak	VERB	1	video	Education & Language	idioms
yüzünü gören cennetlik	NA	1	literature	Education & Language	idioms
zabıt tutmak	VERB	1	video	Education & Language	idioms
zararlı çıkmak	VERB	1	literature	Education & Language	idioms
zart zurt etmek	VERB	1	video	Education & Language	idioms
zembereği boşalmak	VERB	1	tubitak	Education & Language	idioms
zemzemle yıkanmış olmak	VERB	1	video	Education & Language	idioms
zeval bulmak	VERB	1	video	Education & Language	idioms
zeval vermemek	VERB	1	literature	Personality, Values & Behavior	morality
zevkini çıkarmak	VERB	1	literature	Education & Language	idioms
zihin çelmek	VERB	1	literature	Emotions & Mental Processes	intelligence and reasoning
zihni karışmak	VERB	1	literature	Education & Language	idioms
zihnini çelmek	VERB	1	literature	Education & Language	idioms
zindan kesilmek	VERB	1	literature	Education & Language	idioms
zılgıt yemek	VERB	1	literature	Education & Language	idioms
zoru olmak	VERB	1	tubitak	Education & Language	idioms
zorunda bırakmak	VERB	1	video	Personality, Values & Behavior	behavior
zorunda kalmak	VERB	1	video	Personality, Values & Behavior	behavior
zurnanın zırt dediği yer	NA	1	meb	Education & Language	idioms